<?xml version="1.0" encoding="UTF-8"?>
<!-- IMPORTANT: This is an internal file that has been generated
     by the Xilinx ISE software.  Any direct editing or
     changes made to this file may result in unpredictable
     behavior or data corruption.  It is strongly advised that
     users do not edit the contents of this file. -->
<DeviceUsageSummary rev="23">
<DesignStatistics TimeStamp="Sun Jan 21 15:19:55 2024"><group name="NetStatistics">
<item name="NumNets_Active" rev="22">
<attrib name="value" value="2084"/></item>
<item name="NumNets_Gnd" rev="22">
<attrib name="value" value="1"/></item>
<item name="NumNets_Vcc" rev="22">
<attrib name="value" value="1"/></item>
<item name="NumNodesOfType_Active_BOUNCEACROSS" rev="22">
<attrib name="value" value="45"/></item>
<item name="NumNodesOfType_Active_BOUNCEIN" rev="22">
<attrib name="value" value="366"/></item>
<item name="NumNodesOfType_Active_BUFGOUT" rev="22">
<attrib name="value" value="1"/></item>
<item name="NumNodesOfType_Active_BUFHINP2OUT" rev="22">
<attrib name="value" value="8"/></item>
<item name="NumNodesOfType_Active_CLKPIN" rev="22">
<attrib name="value" value="381"/></item>
<item name="NumNodesOfType_Active_CLKPINFEED" rev="22">
<attrib name="value" value="8"/></item>
<item name="NumNodesOfType_Active_CNTRLPIN" rev="22">
<attrib name="value" value="598"/></item>
<item name="NumNodesOfType_Active_DOUBLE" rev="22">
<attrib name="value" value="3490"/></item>
<item name="NumNodesOfType_Active_GENERIC" rev="22">
<attrib name="value" value="20"/></item>
<item name="NumNodesOfType_Active_GLOBAL" rev="22">
<attrib name="value" value="111"/></item>
<item name="NumNodesOfType_Active_INPUT" rev="22">
<attrib name="value" value="226"/></item>
<item name="NumNodesOfType_Active_IOBIN2OUT" rev="22">
<attrib name="value" value="22"/></item>
<item name="NumNodesOfType_Active_IOBINPUT" rev="22">
<attrib name="value" value="5"/></item>
<item name="NumNodesOfType_Active_IOBOUTPUT" rev="22">
<attrib name="value" value="18"/></item>
<item name="NumNodesOfType_Active_LUTINPUT" rev="22">
<attrib name="value" value="6751"/></item>
<item name="NumNodesOfType_Active_OUTBOUND" rev="22">
<attrib name="value" value="2056"/></item>
<item name="NumNodesOfType_Active_OUTPUT" rev="22">
<attrib name="value" value="2115"/></item>
<item name="NumNodesOfType_Active_PADINPUT" rev="22">
<attrib name="value" value="7"/></item>
<item name="NumNodesOfType_Active_PADOUTPUT" rev="22">
<attrib name="value" value="7"/></item>
<item name="NumNodesOfType_Active_PINBOUNCE" rev="22">
<attrib name="value" value="1401"/></item>
<item name="NumNodesOfType_Active_PINFEED" rev="22">
<attrib name="value" value="7622"/></item>
<item name="NumNodesOfType_Active_PINFEED1" rev="22">
<attrib name="value" value="11"/></item>
<item name="NumNodesOfType_Active_PINFEED2" rev="22">
<attrib name="value" value="22"/></item>
<item name="NumNodesOfType_Active_QUAD" rev="22">
<attrib name="value" value="2212"/></item>
<item name="NumNodesOfType_Active_REGINPUT" rev="22">
<attrib name="value" value="360"/></item>
<item name="NumNodesOfType_Active_SINGLE" rev="22">
<attrib name="value" value="4137"/></item>
<item name="NumNodesOfType_Gnd_BOUNCEIN" rev="22">
<attrib name="value" value="48"/></item>
<item name="NumNodesOfType_Gnd_CNTRLPIN" rev="22">
<attrib name="value" value="26"/></item>
<item name="NumNodesOfType_Gnd_HGNDOUT" rev="22">
<attrib name="value" value="41"/></item>
<item name="NumNodesOfType_Gnd_INPUT" rev="22">
<attrib name="value" value="308"/></item>
<item name="NumNodesOfType_Gnd_IOBINPUT" rev="22">
<attrib name="value" value="1"/></item>
<item name="NumNodesOfType_Gnd_OUTBOUND" rev="22">
<attrib name="value" value="7"/></item>
<item name="NumNodesOfType_Gnd_OUTPUT" rev="22">
<attrib name="value" value="8"/></item>
<item name="NumNodesOfType_Gnd_PINBOUNCE" rev="22">
<attrib name="value" value="98"/></item>
<item name="NumNodesOfType_Gnd_PINFEED" rev="22">
<attrib name="value" value="301"/></item>
<item name="NumNodesOfType_Gnd_REGINPUT" rev="22">
<attrib name="value" value="10"/></item>
<item name="NumNodesOfType_Gnd_SINGLE" rev="22">
<attrib name="value" value="7"/></item>
<item name="NumNodesOfType_Vcc_CLKPIN" rev="22">
<attrib name="value" value="10"/></item>
<item name="NumNodesOfType_Vcc_CNTRLPIN" rev="22">
<attrib name="value" value="21"/></item>
<item name="NumNodesOfType_Vcc_HVCCOUT" rev="22">
<attrib name="value" value="189"/></item>
<item name="NumNodesOfType_Vcc_IOBIN2OUT" rev="22">
<attrib name="value" value="1"/></item>
<item name="NumNodesOfType_Vcc_KVCCOUT" rev="22">
<attrib name="value" value="20"/></item>
<item name="NumNodesOfType_Vcc_LUTINPUT" rev="22">
<attrib name="value" value="456"/></item>
<item name="NumNodesOfType_Vcc_PINBOUNCE" rev="22">
<attrib name="value" value="30"/></item>
<item name="NumNodesOfType_Vcc_PINFEED" rev="22">
<attrib name="value" value="473"/></item>
<item name="NumNodesOfType_Vcc_REGINPUT" rev="22">
<attrib name="value" value="15"/></item>
</group>
<group name="SiteStatistics">
<item name="BUFG-BUFGMUX" rev="22">
<attrib name="value" value="1"/></item>
<item name="IOB-IOBM" rev="22">
<attrib name="value" value="3"/></item>
<item name="IOB-IOBS" rev="22">
<attrib name="value" value="11"/></item>
<item name="SLICEL-SLICEM" rev="22">
<attrib name="value" value="53"/></item>
<item name="SLICEX-SLICEL" rev="22">
<attrib name="value" value="121"/></item>
<item name="SLICEX-SLICEM" rev="22">
<attrib name="value" value="99"/></item>
</group>
<group name="MiscellaneousStatistics">
<item name="AGG_BONDED_IO" rev="23">
<attrib name="value" value="14"/></item>
<item name="AGG_IO" rev="23">
<attrib name="value" value="14"/></item>
<item name="AGG_LOCED_IO" rev="23">
<attrib name="value" value="14"/></item>
<item name="AGG_SLICE" rev="23">
<attrib name="value" value="453"/></item>
<item name="NUM_BONDED_IOB" rev="23">
<attrib name="value" value="14"/></item>
<item name="NUM_BSFULL" rev="23">
<attrib name="value" value="670"/></item>
<item name="NUM_BSLUTONLY" rev="23">
<attrib name="value" value="657"/></item>
<item name="NUM_BSREGONLY" rev="23">
<attrib name="value" value="100"/></item>
<item name="NUM_BSUSED" rev="23">
<attrib name="value" value="1427"/></item>
<item name="NUM_BUFG" rev="23">
<attrib name="value" value="1"/></item>
<item name="NUM_ILOGIC2" rev="23">
<attrib name="value" value="5"/></item>
<item name="NUM_IOB_FF" rev="23">
<attrib name="value" value="11"/></item>
<item name="NUM_LOCED_IOB" rev="23">
<attrib name="value" value="14"/></item>
<item name="NUM_LOGIC_O5ANDO6" rev="23">
<attrib name="value" value="292"/></item>
<item name="NUM_LOGIC_O5ONLY" rev="23">
<attrib name="value" value="64"/></item>
<item name="NUM_LOGIC_O6ONLY" rev="23">
<attrib name="value" value="934"/></item>
<item name="NUM_LUT_RT_DRIVES_CARRY4" rev="23">
<attrib name="value" value="2"/></item>
<item name="NUM_LUT_RT_DRIVES_FLOP" rev="23">
<attrib name="value" value="35"/></item>
<item name="NUM_LUT_RT_EXO5" rev="23">
<attrib name="value" value="35"/></item>
<item name="NUM_LUT_RT_EXO6" rev="23">
<attrib name="value" value="2"/></item>
<item name="NUM_LUT_RT_O5" rev="23">
<attrib name="value" value="8"/></item>
<item name="NUM_LUT_RT_O6" rev="23">
<attrib name="value" value="63"/></item>
<item name="NUM_OLOGIC2" rev="23">
<attrib name="value" value="6"/></item>
<item name="NUM_RAMB16BWER" rev="23">
<attrib name="value" value="1"/></item>
<item name="NUM_SLICEL" rev="23">
<attrib name="value" value="84"/></item>
<item name="NUM_SLICEX" rev="23">
<attrib name="value" value="369"/></item>
<item name="NUM_SLICE_CARRY4" rev="23">
<attrib name="value" value="65"/></item>
<item name="NUM_SLICE_CONTROLSET" rev="23">
<attrib name="value" value="31"/></item>
<item name="NUM_SLICE_CYINIT" rev="23">
<attrib name="value" value="1706"/></item>
<item name="NUM_SLICE_F7MUX" rev="23">
<attrib name="value" value="19"/></item>
<item name="NUM_SLICE_FF" rev="23">
<attrib name="value" value="871"/></item>
<item name="NUM_SLICE_LATCHLOGIC" rev="23">
<attrib name="value" value="22"/></item>
<item name="NUM_SLICE_UNUSEDCTRL" rev="23">
<attrib name="value" value="147"/></item>
<item name="NUM_UNUSABLE_FF_BELS" rev="23">
<attrib name="value" value="81"/></item>
<item name="Xilinx Core fifo_generator_v9_3, Xilinx CORE Generator 14.7" rev="23">
<attrib name="value" value="1"/></item>
</group>
</DesignStatistics>
<ReportConfigData TimeStamp="Fri Jan 19 01:17:44 2024"><group name="REG_SR">
<item name="CK" rev="22">
<attrib name="CK" value="837"/><attrib name="CK_INV" value="31"/></item>
<item name="LATCH_OR_FF" rev="22">
<attrib name="FF" value="837"/><attrib name="AND2L" value="31"/></item>
<item name="SRINIT" rev="22">
<attrib name="SRINIT0" value="711"/><attrib name="SRINIT1" value="157"/></item>
<item name="SYNC_ATTR" rev="22">
<attrib name="ASYNC" value="868"/></item>
</group>
<group name="SLICEL">
<item name="CLK" rev="22">
<attrib name="CLK" value="34"/><attrib name="CLK_INV" value="10"/></item>
</group>
<group name="IOB_OUTBUF">
<item name="DRIVEATTRBOX" rev="22">
<attrib name="12" value="7"/></item>
<item name="SLEW" rev="22">
<attrib name="SLOW" value="7"/></item>
<item name="SUSPEND" rev="22">
<attrib name="3STATE" value="7"/></item>
</group>
<group name="SLICEX">
<item name="CLK" rev="22">
<attrib name="CLK" value="335"/><attrib name="CLK_INV" value="0"/></item>
</group>
<group name="ILOGIC2_IFF">
<item name="CLK0" rev="22">
<attrib name="CLK0_INV" value="0"/><attrib name="CLK0" value="5"/></item>
<item name="CLK1" rev="22">
<attrib name="CLK1" value="0"/><attrib name="CLK1_INV" value="5"/></item>
<item name="DDR_ALIGNMENT" rev="22">
<attrib name="C1" value="5"/></item>
<item name="IFFTYPE" rev="22">
<attrib name="DDR" value="5"/></item>
<item name="SAME_EDGE_PIPELINED" rev="22">
<attrib name="FALSE" value="5"/></item>
<item name="SRINIT_Q" rev="22">
<attrib name="0" value="5"/></item>
<item name="SRTYPE_Q" rev="22">
<attrib name="ASYNC" value="5"/></item>
</group>
<group name="OLOGIC2">
<item name="CLK0" rev="22">
<attrib name="CLK0_INV" value="0"/><attrib name="CLK0" value="6"/></item>
<item name="CLK1" rev="22">
<attrib name="CLK1" value="0"/><attrib name="CLK1_INV" value="6"/></item>
</group>
<group name="RAMB16BWER">
<item name="CLKA" rev="22">
<attrib name="CLKA_INV" value="0"/><attrib name="CLKA" value="4"/></item>
<item name="CLKB" rev="22">
<attrib name="CLKB" value="4"/><attrib name="CLKB_INV" value="0"/></item>
<item name="ENA" rev="22">
<attrib name="ENA_INV" value="0"/><attrib name="ENA" value="4"/></item>
<item name="ENB" rev="22">
<attrib name="ENB_INV" value="0"/><attrib name="ENB" value="4"/></item>
<item name="REGCEA" rev="22">
<attrib name="REGCEA_INV" value="0"/><attrib name="REGCEA" value="4"/></item>
<item name="REGCEB" rev="22">
<attrib name="REGCEB_INV" value="0"/><attrib name="REGCEB" value="4"/></item>
<item name="RSTA" rev="22">
<attrib name="RSTA" value="4"/><attrib name="RSTA_INV" value="0"/></item>
<item name="RSTB" rev="22">
<attrib name="RSTB" value="4"/><attrib name="RSTB_INV" value="0"/></item>
<item name="WEA0" rev="22">
<attrib name="WEA0" value="4"/><attrib name="WEA0_INV" value="0"/></item>
<item name="WEA1" rev="22">
<attrib name="WEA1" value="4"/><attrib name="WEA1_INV" value="0"/></item>
<item name="WEA2" rev="22">
<attrib name="WEA2" value="4"/><attrib name="WEA2_INV" value="0"/></item>
<item name="WEA3" rev="22">
<attrib name="WEA3_INV" value="0"/><attrib name="WEA3" value="4"/></item>
<item name="WEB0" rev="22">
<attrib name="WEB0" value="4"/><attrib name="WEB0_INV" value="0"/></item>
<item name="WEB1" rev="22">
<attrib name="WEB1" value="4"/><attrib name="WEB1_INV" value="0"/></item>
<item name="WEB2" rev="22">
<attrib name="WEB2_INV" value="0"/><attrib name="WEB2" value="4"/></item>
<item name="WEB3" rev="22">
<attrib name="WEB3" value="4"/><attrib name="WEB3_INV" value="0"/></item>
</group>
<group name="OLOGIC2_OUTFF">
<item name="CK0" rev="22">
<attrib name="CK0_INV" value="0"/><attrib name="CK0" value="6"/></item>
<item name="CK1" rev="22">
<attrib name="CK1_INV" value="6"/><attrib name="CK1" value="0"/></item>
<item name="DDR_ALIGNMENT" rev="22">
<attrib name="C0" value="6"/></item>
<item name="OUTFFTYPE" rev="22">
<attrib name="DDR" value="6"/></item>
<item name="SRINIT_OQ" rev="22">
<attrib name="0" value="6"/></item>
<item name="SRTYPE_OQ" rev="22">
<attrib name="ASYNC" value="6"/></item>
</group>
<group name="RAMB16BWER_RAMB16BWER">
<item name="CLKA" rev="22">
<attrib name="CLKA_INV" value="0"/><attrib name="CLKA" value="4"/></item>
<item name="CLKB" rev="22">
<attrib name="CLKB" value="4"/><attrib name="CLKB_INV" value="0"/></item>
<item name="DATA_WIDTH_A" rev="22">
<attrib name="9" value="4"/></item>
<item name="DATA_WIDTH_B" rev="22">
<attrib name="9" value="4"/></item>
<item name="DOA_REG" rev="22">
<attrib name="0" value="4"/></item>
<item name="DOB_REG" rev="22">
<attrib name="0" value="4"/></item>
<item name="ENA" rev="22">
<attrib name="ENA_INV" value="0"/><attrib name="ENA" value="4"/></item>
<item name="ENB" rev="22">
<attrib name="ENB_INV" value="0"/><attrib name="ENB" value="4"/></item>
<item name="EN_RSTRAM_A" rev="22">
<attrib name="FALSE" value="4"/></item>
<item name="EN_RSTRAM_B" rev="22">
<attrib name="TRUE" value="4"/></item>
<item name="RAM_MODE" rev="22">
<attrib name="TDP" value="4"/></item>
<item name="REGCEA" rev="22">
<attrib name="REGCEA_INV" value="0"/><attrib name="REGCEA" value="4"/></item>
<item name="REGCEB" rev="22">
<attrib name="REGCEB_INV" value="0"/><attrib name="REGCEB" value="4"/></item>
<item name="RSTA" rev="22">
<attrib name="RSTA" value="4"/><attrib name="RSTA_INV" value="0"/></item>
<item name="RSTB" rev="22">
<attrib name="RSTB" value="4"/><attrib name="RSTB_INV" value="0"/></item>
<item name="RSTTYPE" rev="22">
<attrib name="SYNC" value="4"/></item>
<item name="RST_PRIORITY_A" rev="22">
<attrib name="CE" value="4"/></item>
<item name="RST_PRIORITY_B" rev="22">
<attrib name="CE" value="4"/></item>
<item name="WEA0" rev="22">
<attrib name="WEA0" value="4"/><attrib name="WEA0_INV" value="0"/></item>
<item name="WEA1" rev="22">
<attrib name="WEA1" value="4"/><attrib name="WEA1_INV" value="0"/></item>
<item name="WEA2" rev="22">
<attrib name="WEA2" value="4"/><attrib name="WEA2_INV" value="0"/></item>
<item name="WEA3" rev="22">
<attrib name="WEA3_INV" value="0"/><attrib name="WEA3" value="4"/></item>
<item name="WEB0" rev="22">
<attrib name="WEB0" value="4"/><attrib name="WEB0_INV" value="0"/></item>
<item name="WEB1" rev="22">
<attrib name="WEB1" value="4"/><attrib name="WEB1_INV" value="0"/></item>
<item name="WEB2" rev="22">
<attrib name="WEB2_INV" value="0"/><attrib name="WEB2" value="4"/></item>
<item name="WEB3" rev="22">
<attrib name="WEB3" value="4"/><attrib name="WEB3_INV" value="0"/></item>
<item name="WRITE_MODE_A" rev="22">
<attrib name="READ_FIRST" value="4"/></item>
<item name="WRITE_MODE_B" rev="22">
<attrib name="READ_FIRST" value="4"/></item>
</group>
<group name="ILOGIC2">
<item name="CLK0" rev="22">
<attrib name="CLK0_INV" value="0"/><attrib name="CLK0" value="5"/></item>
<item name="CLK1" rev="22">
<attrib name="CLK1" value="0"/><attrib name="CLK1_INV" value="5"/></item>
</group>
<group name="FF_SR">
<item name="CK" rev="22">
<attrib name="CK" value="147"/><attrib name="CK_INV" value="0"/></item>
<item name="SRINIT" rev="22">
<attrib name="SRINIT0" value="118"/><attrib name="SRINIT1" value="29"/></item>
<item name="SYNC_ATTR" rev="22">
<attrib name="ASYNC" value="147"/></item>
</group>
</ReportConfigData>
<ReportPinData TimeStamp="Fri Jan 19 01:17:44 2024"><group name="REG_SR">
<item name="CE" rev="22">
<attrib name="value" value="690"/></item>
<item name="CK" rev="22">
<attrib name="value" value="868"/></item>
<item name="D" rev="22">
<attrib name="value" value="868"/></item>
<item name="Q" rev="22">
<attrib name="value" value="868"/></item>
<item name="SR" rev="22">
<attrib name="value" value="774"/></item>
</group>
<group name="SLICEL">
<item name="A" rev="22">
<attrib name="value" value="11"/></item>
<item name="A1" rev="22">
<attrib name="value" value="16"/></item>
<item name="A2" rev="22">
<attrib name="value" value="36"/></item>
<item name="A3" rev="22">
<attrib name="value" value="40"/></item>
<item name="A4" rev="22">
<attrib name="value" value="53"/></item>
<item name="A5" rev="22">
<attrib name="value" value="101"/></item>
<item name="A6" rev="22">
<attrib name="value" value="104"/></item>
<item name="AMUX" rev="22">
<attrib name="value" value="53"/></item>
<item name="AQ" rev="22">
<attrib name="value" value="29"/></item>
<item name="AX" rev="22">
<attrib name="value" value="28"/></item>
<item name="B" rev="22">
<attrib name="value" value="12"/></item>
<item name="B1" rev="22">
<attrib name="value" value="16"/></item>
<item name="B2" rev="22">
<attrib name="value" value="30"/></item>
<item name="B3" rev="22">
<attrib name="value" value="34"/></item>
<item name="B4" rev="22">
<attrib name="value" value="55"/></item>
<item name="B5" rev="22">
<attrib name="value" value="101"/></item>
<item name="B6" rev="22">
<attrib name="value" value="102"/></item>
<item name="BMUX" rev="22">
<attrib name="value" value="61"/></item>
<item name="BQ" rev="22">
<attrib name="value" value="32"/></item>
<item name="BX" rev="22">
<attrib name="value" value="25"/></item>
<item name="C1" rev="22">
<attrib name="value" value="16"/></item>
<item name="C2" rev="22">
<attrib name="value" value="34"/></item>
<item name="C3" rev="22">
<attrib name="value" value="39"/></item>
<item name="C4" rev="22">
<attrib name="value" value="51"/></item>
<item name="C5" rev="22">
<attrib name="value" value="95"/></item>
<item name="C6" rev="22">
<attrib name="value" value="97"/></item>
<item name="CE" rev="22">
<attrib name="value" value="39"/></item>
<item name="CIN" rev="22">
<attrib name="value" value="69"/></item>
<item name="CLK" rev="22">
<attrib name="value" value="44"/></item>
<item name="CMUX" rev="22">
<attrib name="value" value="69"/></item>
<item name="COUT" rev="22">
<attrib name="value" value="69"/></item>
<item name="CQ" rev="22">
<attrib name="value" value="27"/></item>
<item name="CX" rev="22">
<attrib name="value" value="40"/></item>
<item name="D1" rev="22">
<attrib name="value" value="16"/></item>
<item name="D2" rev="22">
<attrib name="value" value="31"/></item>
<item name="D3" rev="22">
<attrib name="value" value="42"/></item>
<item name="D4" rev="22">
<attrib name="value" value="51"/></item>
<item name="D5" rev="22">
<attrib name="value" value="91"/></item>
<item name="D6" rev="22">
<attrib name="value" value="96"/></item>
<item name="DMUX" rev="22">
<attrib name="value" value="48"/></item>
<item name="DQ" rev="22">
<attrib name="value" value="33"/></item>
<item name="DX" rev="22">
<attrib name="value" value="25"/></item>
<item name="SR" rev="22">
<attrib name="value" value="41"/></item>
</group>
<group name="IOB_OUTBUF">
<item name="IN" rev="22">
<attrib name="value" value="7"/></item>
<item name="OUT" rev="22">
<attrib name="value" value="7"/></item>
</group>
<group name="SLICEX">
<item name="A" rev="22">
<attrib name="value" value="200"/></item>
<item name="A1" rev="22">
<attrib name="value" value="208"/></item>
<item name="A2" rev="22">
<attrib name="value" value="282"/></item>
<item name="A3" rev="22">
<attrib name="value" value="299"/></item>
<item name="A4" rev="22">
<attrib name="value" value="309"/></item>
<item name="A5" rev="22">
<attrib name="value" value="317"/></item>
<item name="A6" rev="22">
<attrib name="value" value="312"/></item>
<item name="AMUX" rev="22">
<attrib name="value" value="44"/></item>
<item name="AQ" rev="22">
<attrib name="value" value="193"/></item>
<item name="AX" rev="22">
<attrib name="value" value="71"/></item>
<item name="B" rev="22">
<attrib name="value" value="151"/></item>
<item name="B1" rev="22">
<attrib name="value" value="171"/></item>
<item name="B2" rev="22">
<attrib name="value" value="232"/></item>
<item name="B3" rev="22">
<attrib name="value" value="242"/></item>
<item name="B4" rev="22">
<attrib name="value" value="251"/></item>
<item name="B5" rev="22">
<attrib name="value" value="261"/></item>
<item name="B6" rev="22">
<attrib name="value" value="256"/></item>
<item name="BMUX" rev="22">
<attrib name="value" value="50"/></item>
<item name="BQ" rev="22">
<attrib name="value" value="182"/></item>
<item name="BX" rev="22">
<attrib name="value" value="71"/></item>
<item name="C" rev="22">
<attrib name="value" value="107"/></item>
<item name="C1" rev="22">
<attrib name="value" value="176"/></item>
<item name="C2" rev="22">
<attrib name="value" value="220"/></item>
<item name="C3" rev="22">
<attrib name="value" value="236"/></item>
<item name="C4" rev="22">
<attrib name="value" value="244"/></item>
<item name="C5" rev="22">
<attrib name="value" value="249"/></item>
<item name="C6" rev="22">
<attrib name="value" value="245"/></item>
<item name="CE" rev="22">
<attrib name="value" value="248"/></item>
<item name="CLK" rev="22">
<attrib name="value" value="335"/></item>
<item name="CMUX" rev="22">
<attrib name="value" value="73"/></item>
<item name="CQ" rev="22">
<attrib name="value" value="211"/></item>
<item name="CX" rev="22">
<attrib name="value" value="64"/></item>
<item name="D" rev="22">
<attrib name="value" value="153"/></item>
<item name="D1" rev="22">
<attrib name="value" value="154"/></item>
<item name="D2" rev="22">
<attrib name="value" value="216"/></item>
<item name="D3" rev="22">
<attrib name="value" value="235"/></item>
<item name="D4" rev="22">
<attrib name="value" value="244"/></item>
<item name="D5" rev="22">
<attrib name="value" value="252"/></item>
<item name="D6" rev="22">
<attrib name="value" value="249"/></item>
<item name="DMUX" rev="22">
<attrib name="value" value="45"/></item>
<item name="DQ" rev="22">
<attrib name="value" value="161"/></item>
<item name="DX" rev="22">
<attrib name="value" value="61"/></item>
<item name="SR" rev="22">
<attrib name="value" value="290"/></item>
</group>
<group name="BUFG_BUFG">
<item name="I0" rev="22">
<attrib name="value" value="1"/></item>
<item name="O" rev="22">
<attrib name="value" value="1"/></item>
</group>
<group name="ILOGIC2_IFF">
<item name="CE0" rev="22">
<attrib name="value" value="5"/></item>
<item name="CLK0" rev="22">
<attrib name="value" value="5"/></item>
<item name="CLK1" rev="22">
<attrib name="value" value="5"/></item>
<item name="D" rev="22">
<attrib name="value" value="5"/></item>
<item name="Q1" rev="22">
<attrib name="value" value="5"/></item>
<item name="Q2" rev="22">
<attrib name="value" value="5"/></item>
<item name="REV" rev="22">
<attrib name="value" value="5"/></item>
<item name="SR" rev="22">
<attrib name="value" value="5"/></item>
</group>
<group name="PAD">
<item name="PAD" rev="22">
<attrib name="value" value="14"/></item>
</group>
<group name="IOB_INBUF">
<item name="OUT" rev="22">
<attrib name="value" value="7"/></item>
<item name="PAD" rev="22">
<attrib name="value" value="7"/></item>
</group>
<group name="OLOGIC2">
<item name="CLK0" rev="22">
<attrib name="value" value="6"/></item>
<item name="CLK1" rev="22">
<attrib name="value" value="6"/></item>
<item name="D1" rev="22">
<attrib name="value" value="6"/></item>
<item name="D2" rev="22">
<attrib name="value" value="6"/></item>
<item name="OCE" rev="22">
<attrib name="value" value="6"/></item>
<item name="OQ" rev="22">
<attrib name="value" value="6"/></item>
<item name="SR" rev="22">
<attrib name="value" value="6"/></item>
</group>
<group name="RAMB16BWER">
<item name="ADDRA0" rev="22">
<attrib name="value" value="4"/></item>
<item name="ADDRA1" rev="22">
<attrib name="value" value="4"/></item>
<item name="ADDRA10" rev="22">
<attrib name="value" value="4"/></item>
<item name="ADDRA11" rev="22">
<attrib name="value" value="4"/></item>
<item name="ADDRA12" rev="22">
<attrib name="value" value="4"/></item>
<item name="ADDRA13" rev="22">
<attrib name="value" value="4"/></item>
<item name="ADDRA2" rev="22">
<attrib name="value" value="4"/></item>
<item name="ADDRA3" rev="22">
<attrib name="value" value="4"/></item>
<item name="ADDRA4" rev="22">
<attrib name="value" value="4"/></item>
<item name="ADDRA5" rev="22">
<attrib name="value" value="4"/></item>
<item name="ADDRA6" rev="22">
<attrib name="value" value="4"/></item>
<item name="ADDRA7" rev="22">
<attrib name="value" value="4"/></item>
<item name="ADDRA8" rev="22">
<attrib name="value" value="4"/></item>
<item name="ADDRA9" rev="22">
<attrib name="value" value="4"/></item>
<item name="ADDRB0" rev="22">
<attrib name="value" value="4"/></item>
<item name="ADDRB1" rev="22">
<attrib name="value" value="4"/></item>
<item name="ADDRB10" rev="22">
<attrib name="value" value="4"/></item>
<item name="ADDRB11" rev="22">
<attrib name="value" value="4"/></item>
<item name="ADDRB12" rev="22">
<attrib name="value" value="4"/></item>
<item name="ADDRB13" rev="22">
<attrib name="value" value="4"/></item>
<item name="ADDRB2" rev="22">
<attrib name="value" value="4"/></item>
<item name="ADDRB3" rev="22">
<attrib name="value" value="4"/></item>
<item name="ADDRB4" rev="22">
<attrib name="value" value="4"/></item>
<item name="ADDRB5" rev="22">
<attrib name="value" value="4"/></item>
<item name="ADDRB6" rev="22">
<attrib name="value" value="4"/></item>
<item name="ADDRB7" rev="22">
<attrib name="value" value="4"/></item>
<item name="ADDRB8" rev="22">
<attrib name="value" value="4"/></item>
<item name="ADDRB9" rev="22">
<attrib name="value" value="4"/></item>
<item name="CLKA" rev="22">
<attrib name="value" value="4"/></item>
<item name="CLKB" rev="22">
<attrib name="value" value="4"/></item>
<item name="DIA0" rev="22">
<attrib name="value" value="4"/></item>
<item name="DIA1" rev="22">
<attrib name="value" value="4"/></item>
<item name="DIA10" rev="22">
<attrib name="value" value="4"/></item>
<item name="DIA11" rev="22">
<attrib name="value" value="4"/></item>
<item name="DIA12" rev="22">
<attrib name="value" value="4"/></item>
<item name="DIA13" rev="22">
<attrib name="value" value="4"/></item>
<item name="DIA14" rev="22">
<attrib name="value" value="4"/></item>
<item name="DIA15" rev="22">
<attrib name="value" value="4"/></item>
<item name="DIA16" rev="22">
<attrib name="value" value="4"/></item>
<item name="DIA17" rev="22">
<attrib name="value" value="4"/></item>
<item name="DIA18" rev="22">
<attrib name="value" value="4"/></item>
<item name="DIA19" rev="22">
<attrib name="value" value="4"/></item>
<item name="DIA2" rev="22">
<attrib name="value" value="4"/></item>
<item name="DIA20" rev="22">
<attrib name="value" value="4"/></item>
<item name="DIA21" rev="22">
<attrib name="value" value="4"/></item>
<item name="DIA22" rev="22">
<attrib name="value" value="4"/></item>
<item name="DIA23" rev="22">
<attrib name="value" value="4"/></item>
<item name="DIA24" rev="22">
<attrib name="value" value="4"/></item>
<item name="DIA25" rev="22">
<attrib name="value" value="4"/></item>
<item name="DIA26" rev="22">
<attrib name="value" value="4"/></item>
<item name="DIA27" rev="22">
<attrib name="value" value="4"/></item>
<item name="DIA28" rev="22">
<attrib name="value" value="4"/></item>
<item name="DIA29" rev="22">
<attrib name="value" value="4"/></item>
<item name="DIA3" rev="22">
<attrib name="value" value="4"/></item>
<item name="DIA30" rev="22">
<attrib name="value" value="4"/></item>
<item name="DIA31" rev="22">
<attrib name="value" value="4"/></item>
<item name="DIA4" rev="22">
<attrib name="value" value="4"/></item>
<item name="DIA5" rev="22">
<attrib name="value" value="4"/></item>
<item name="DIA6" rev="22">
<attrib name="value" value="4"/></item>
<item name="DIA7" rev="22">
<attrib name="value" value="4"/></item>
<item name="DIA8" rev="22">
<attrib name="value" value="4"/></item>
<item name="DIA9" rev="22">
<attrib name="value" value="4"/></item>
<item name="DIB0" rev="22">
<attrib name="value" value="4"/></item>
<item name="DIB1" rev="22">
<attrib name="value" value="4"/></item>
<item name="DIB10" rev="22">
<attrib name="value" value="4"/></item>
<item name="DIB11" rev="22">
<attrib name="value" value="4"/></item>
<item name="DIB12" rev="22">
<attrib name="value" value="4"/></item>
<item name="DIB13" rev="22">
<attrib name="value" value="4"/></item>
<item name="DIB14" rev="22">
<attrib name="value" value="4"/></item>
<item name="DIB15" rev="22">
<attrib name="value" value="4"/></item>
<item name="DIB16" rev="22">
<attrib name="value" value="4"/></item>
<item name="DIB17" rev="22">
<attrib name="value" value="4"/></item>
<item name="DIB18" rev="22">
<attrib name="value" value="4"/></item>
<item name="DIB19" rev="22">
<attrib name="value" value="4"/></item>
<item name="DIB2" rev="22">
<attrib name="value" value="4"/></item>
<item name="DIB20" rev="22">
<attrib name="value" value="4"/></item>
<item name="DIB21" rev="22">
<attrib name="value" value="4"/></item>
<item name="DIB22" rev="22">
<attrib name="value" value="4"/></item>
<item name="DIB23" rev="22">
<attrib name="value" value="4"/></item>
<item name="DIB24" rev="22">
<attrib name="value" value="4"/></item>
<item name="DIB25" rev="22">
<attrib name="value" value="4"/></item>
<item name="DIB26" rev="22">
<attrib name="value" value="4"/></item>
<item name="DIB27" rev="22">
<attrib name="value" value="4"/></item>
<item name="DIB28" rev="22">
<attrib name="value" value="4"/></item>
<item name="DIB29" rev="22">
<attrib name="value" value="4"/></item>
<item name="DIB3" rev="22">
<attrib name="value" value="4"/></item>
<item name="DIB30" rev="22">
<attrib name="value" value="4"/></item>
<item name="DIB31" rev="22">
<attrib name="value" value="4"/></item>
<item name="DIB4" rev="22">
<attrib name="value" value="4"/></item>
<item name="DIB5" rev="22">
<attrib name="value" value="4"/></item>
<item name="DIB6" rev="22">
<attrib name="value" value="4"/></item>
<item name="DIB7" rev="22">
<attrib name="value" value="4"/></item>
<item name="DIB8" rev="22">
<attrib name="value" value="4"/></item>
<item name="DIB9" rev="22">
<attrib name="value" value="4"/></item>
<item name="DIPA0" rev="22">
<attrib name="value" value="4"/></item>
<item name="DIPA1" rev="22">
<attrib name="value" value="4"/></item>
<item name="DIPA2" rev="22">
<attrib name="value" value="4"/></item>
<item name="DIPA3" rev="22">
<attrib name="value" value="4"/></item>
<item name="DIPB0" rev="22">
<attrib name="value" value="4"/></item>
<item name="DIPB1" rev="22">
<attrib name="value" value="4"/></item>
<item name="DIPB2" rev="22">
<attrib name="value" value="4"/></item>
<item name="DIPB3" rev="22">
<attrib name="value" value="4"/></item>
<item name="DOB0" rev="22">
<attrib name="value" value="4"/></item>
<item name="DOB1" rev="22">
<attrib name="value" value="4"/></item>
<item name="DOB2" rev="22">
<attrib name="value" value="4"/></item>
<item name="DOB3" rev="22">
<attrib name="value" value="4"/></item>
<item name="DOB4" rev="22">
<attrib name="value" value="4"/></item>
<item name="DOB5" rev="22">
<attrib name="value" value="3"/></item>
<item name="DOB6" rev="22">
<attrib name="value" value="3"/></item>
<item name="DOB7" rev="22">
<attrib name="value" value="3"/></item>
<item name="DOPB0" rev="22">
<attrib name="value" value="3"/></item>
<item name="ENA" rev="22">
<attrib name="value" value="4"/></item>
<item name="ENB" rev="22">
<attrib name="value" value="4"/></item>
<item name="REGCEA" rev="22">
<attrib name="value" value="4"/></item>
<item name="REGCEB" rev="22">
<attrib name="value" value="4"/></item>
<item name="RSTA" rev="22">
<attrib name="value" value="4"/></item>
<item name="RSTB" rev="22">
<attrib name="value" value="4"/></item>
<item name="WEA0" rev="22">
<attrib name="value" value="4"/></item>
<item name="WEA1" rev="22">
<attrib name="value" value="4"/></item>
<item name="WEA2" rev="22">
<attrib name="value" value="4"/></item>
<item name="WEA3" rev="22">
<attrib name="value" value="4"/></item>
<item name="WEB0" rev="22">
<attrib name="value" value="4"/></item>
<item name="WEB1" rev="22">
<attrib name="value" value="4"/></item>
<item name="WEB2" rev="22">
<attrib name="value" value="4"/></item>
<item name="WEB3" rev="22">
<attrib name="value" value="4"/></item>
</group>
<group name="CARRY4">
<item name="CIN" rev="22">
<attrib name="value" value="69"/></item>
<item name="CO1" rev="22">
<attrib name="value" value="7"/></item>
<item name="CO3" rev="22">
<attrib name="value" value="71"/></item>
<item name="CYINIT" rev="22">
<attrib name="value" value="24"/></item>
<item name="DI0" rev="22">
<attrib name="value" value="89"/></item>
<item name="DI1" rev="22">
<attrib name="value" value="87"/></item>
<item name="DI2" rev="22">
<attrib name="value" value="75"/></item>
<item name="DI3" rev="22">
<attrib name="value" value="71"/></item>
<item name="O0" rev="22">
<attrib name="value" value="73"/></item>
<item name="O1" rev="22">
<attrib name="value" value="71"/></item>
<item name="O2" rev="22">
<attrib name="value" value="68"/></item>
<item name="O3" rev="22">
<attrib name="value" value="64"/></item>
<item name="S0" rev="22">
<attrib name="value" value="93"/></item>
<item name="S1" rev="22">
<attrib name="value" value="90"/></item>
<item name="S2" rev="22">
<attrib name="value" value="81"/></item>
<item name="S3" rev="22">
<attrib name="value" value="76"/></item>
</group>
<group name="OLOGIC2_OUTFF">
<item name="CE" rev="22">
<attrib name="value" value="6"/></item>
<item name="CK0" rev="22">
<attrib name="value" value="6"/></item>
<item name="CK1" rev="22">
<attrib name="value" value="6"/></item>
<item name="D1" rev="22">
<attrib name="value" value="6"/></item>
<item name="D2" rev="22">
<attrib name="value" value="6"/></item>
<item name="Q" rev="22">
<attrib name="value" value="6"/></item>
<item name="SR" rev="22">
<attrib name="value" value="6"/></item>
</group>
<group name="LUT5">
<item name="A1" rev="22">
<attrib name="value" value="152"/></item>
<item name="A2" rev="22">
<attrib name="value" value="199"/></item>
<item name="A3" rev="22">
<attrib name="value" value="225"/></item>
<item name="A4" rev="22">
<attrib name="value" value="143"/></item>
<item name="A5" rev="22">
<attrib name="value" value="136"/></item>
<item name="O5" rev="22">
<attrib name="value" value="477"/></item>
</group>
<group name="LUT6">
<item name="A1" rev="22">
<attrib name="value" value="640"/></item>
<item name="A2" rev="22">
<attrib name="value" value="987"/></item>
<item name="A3" rev="22">
<attrib name="value" value="1133"/></item>
<item name="A4" rev="22">
<attrib name="value" value="1257"/></item>
<item name="A5" rev="22">
<attrib name="value" value="1446"/></item>
<item name="A6" rev="22">
<attrib name="value" value="1461"/></item>
<item name="O6" rev="22">
<attrib name="value" value="1469"/></item>
</group>
<group name="RAMB16BWER_RAMB16BWER">
<item name="ADDRA0" rev="22">
<attrib name="value" value="4"/></item>
<item name="ADDRA1" rev="22">
<attrib name="value" value="4"/></item>
<item name="ADDRA10" rev="22">
<attrib name="value" value="4"/></item>
<item name="ADDRA11" rev="22">
<attrib name="value" value="4"/></item>
<item name="ADDRA12" rev="22">
<attrib name="value" value="4"/></item>
<item name="ADDRA13" rev="22">
<attrib name="value" value="4"/></item>
<item name="ADDRA2" rev="22">
<attrib name="value" value="4"/></item>
<item name="ADDRA3" rev="22">
<attrib name="value" value="4"/></item>
<item name="ADDRA4" rev="22">
<attrib name="value" value="4"/></item>
<item name="ADDRA5" rev="22">
<attrib name="value" value="4"/></item>
<item name="ADDRA6" rev="22">
<attrib name="value" value="4"/></item>
<item name="ADDRA7" rev="22">
<attrib name="value" value="4"/></item>
<item name="ADDRA8" rev="22">
<attrib name="value" value="4"/></item>
<item name="ADDRA9" rev="22">
<attrib name="value" value="4"/></item>
<item name="ADDRB0" rev="22">
<attrib name="value" value="4"/></item>
<item name="ADDRB1" rev="22">
<attrib name="value" value="4"/></item>
<item name="ADDRB10" rev="22">
<attrib name="value" value="4"/></item>
<item name="ADDRB11" rev="22">
<attrib name="value" value="4"/></item>
<item name="ADDRB12" rev="22">
<attrib name="value" value="4"/></item>
<item name="ADDRB13" rev="22">
<attrib name="value" value="4"/></item>
<item name="ADDRB2" rev="22">
<attrib name="value" value="4"/></item>
<item name="ADDRB3" rev="22">
<attrib name="value" value="4"/></item>
<item name="ADDRB4" rev="22">
<attrib name="value" value="4"/></item>
<item name="ADDRB5" rev="22">
<attrib name="value" value="4"/></item>
<item name="ADDRB6" rev="22">
<attrib name="value" value="4"/></item>
<item name="ADDRB7" rev="22">
<attrib name="value" value="4"/></item>
<item name="ADDRB8" rev="22">
<attrib name="value" value="4"/></item>
<item name="ADDRB9" rev="22">
<attrib name="value" value="4"/></item>
<item name="CLKA" rev="22">
<attrib name="value" value="4"/></item>
<item name="CLKB" rev="22">
<attrib name="value" value="4"/></item>
<item name="DIA0" rev="22">
<attrib name="value" value="4"/></item>
<item name="DIA1" rev="22">
<attrib name="value" value="4"/></item>
<item name="DIA10" rev="22">
<attrib name="value" value="4"/></item>
<item name="DIA11" rev="22">
<attrib name="value" value="4"/></item>
<item name="DIA12" rev="22">
<attrib name="value" value="4"/></item>
<item name="DIA13" rev="22">
<attrib name="value" value="4"/></item>
<item name="DIA14" rev="22">
<attrib name="value" value="4"/></item>
<item name="DIA15" rev="22">
<attrib name="value" value="4"/></item>
<item name="DIA16" rev="22">
<attrib name="value" value="4"/></item>
<item name="DIA17" rev="22">
<attrib name="value" value="4"/></item>
<item name="DIA18" rev="22">
<attrib name="value" value="4"/></item>
<item name="DIA19" rev="22">
<attrib name="value" value="4"/></item>
<item name="DIA2" rev="22">
<attrib name="value" value="4"/></item>
<item name="DIA20" rev="22">
<attrib name="value" value="4"/></item>
<item name="DIA21" rev="22">
<attrib name="value" value="4"/></item>
<item name="DIA22" rev="22">
<attrib name="value" value="4"/></item>
<item name="DIA23" rev="22">
<attrib name="value" value="4"/></item>
<item name="DIA24" rev="22">
<attrib name="value" value="4"/></item>
<item name="DIA25" rev="22">
<attrib name="value" value="4"/></item>
<item name="DIA26" rev="22">
<attrib name="value" value="4"/></item>
<item name="DIA27" rev="22">
<attrib name="value" value="4"/></item>
<item name="DIA28" rev="22">
<attrib name="value" value="4"/></item>
<item name="DIA29" rev="22">
<attrib name="value" value="4"/></item>
<item name="DIA3" rev="22">
<attrib name="value" value="4"/></item>
<item name="DIA30" rev="22">
<attrib name="value" value="4"/></item>
<item name="DIA31" rev="22">
<attrib name="value" value="4"/></item>
<item name="DIA4" rev="22">
<attrib name="value" value="4"/></item>
<item name="DIA5" rev="22">
<attrib name="value" value="4"/></item>
<item name="DIA6" rev="22">
<attrib name="value" value="4"/></item>
<item name="DIA7" rev="22">
<attrib name="value" value="4"/></item>
<item name="DIA8" rev="22">
<attrib name="value" value="4"/></item>
<item name="DIA9" rev="22">
<attrib name="value" value="4"/></item>
<item name="DIB0" rev="22">
<attrib name="value" value="4"/></item>
<item name="DIB1" rev="22">
<attrib name="value" value="4"/></item>
<item name="DIB10" rev="22">
<attrib name="value" value="4"/></item>
<item name="DIB11" rev="22">
<attrib name="value" value="4"/></item>
<item name="DIB12" rev="22">
<attrib name="value" value="4"/></item>
<item name="DIB13" rev="22">
<attrib name="value" value="4"/></item>
<item name="DIB14" rev="22">
<attrib name="value" value="4"/></item>
<item name="DIB15" rev="22">
<attrib name="value" value="4"/></item>
<item name="DIB16" rev="22">
<attrib name="value" value="4"/></item>
<item name="DIB17" rev="22">
<attrib name="value" value="4"/></item>
<item name="DIB18" rev="22">
<attrib name="value" value="4"/></item>
<item name="DIB19" rev="22">
<attrib name="value" value="4"/></item>
<item name="DIB2" rev="22">
<attrib name="value" value="4"/></item>
<item name="DIB20" rev="22">
<attrib name="value" value="4"/></item>
<item name="DIB21" rev="22">
<attrib name="value" value="4"/></item>
<item name="DIB22" rev="22">
<attrib name="value" value="4"/></item>
<item name="DIB23" rev="22">
<attrib name="value" value="4"/></item>
<item name="DIB24" rev="22">
<attrib name="value" value="4"/></item>
<item name="DIB25" rev="22">
<attrib name="value" value="4"/></item>
<item name="DIB26" rev="22">
<attrib name="value" value="4"/></item>
<item name="DIB27" rev="22">
<attrib name="value" value="4"/></item>
<item name="DIB28" rev="22">
<attrib name="value" value="4"/></item>
<item name="DIB29" rev="22">
<attrib name="value" value="4"/></item>
<item name="DIB3" rev="22">
<attrib name="value" value="4"/></item>
<item name="DIB30" rev="22">
<attrib name="value" value="4"/></item>
<item name="DIB31" rev="22">
<attrib name="value" value="4"/></item>
<item name="DIB4" rev="22">
<attrib name="value" value="4"/></item>
<item name="DIB5" rev="22">
<attrib name="value" value="4"/></item>
<item name="DIB6" rev="22">
<attrib name="value" value="4"/></item>
<item name="DIB7" rev="22">
<attrib name="value" value="4"/></item>
<item name="DIB8" rev="22">
<attrib name="value" value="4"/></item>
<item name="DIB9" rev="22">
<attrib name="value" value="4"/></item>
<item name="DIPA0" rev="22">
<attrib name="value" value="4"/></item>
<item name="DIPA1" rev="22">
<attrib name="value" value="4"/></item>
<item name="DIPA2" rev="22">
<attrib name="value" value="4"/></item>
<item name="DIPA3" rev="22">
<attrib name="value" value="4"/></item>
<item name="DIPB0" rev="22">
<attrib name="value" value="4"/></item>
<item name="DIPB1" rev="22">
<attrib name="value" value="4"/></item>
<item name="DIPB2" rev="22">
<attrib name="value" value="4"/></item>
<item name="DIPB3" rev="22">
<attrib name="value" value="4"/></item>
<item name="DOB0" rev="22">
<attrib name="value" value="4"/></item>
<item name="DOB1" rev="22">
<attrib name="value" value="4"/></item>
<item name="DOB2" rev="22">
<attrib name="value" value="4"/></item>
<item name="DOB3" rev="22">
<attrib name="value" value="4"/></item>
<item name="DOB4" rev="22">
<attrib name="value" value="4"/></item>
<item name="DOB5" rev="22">
<attrib name="value" value="3"/></item>
<item name="DOB6" rev="22">
<attrib name="value" value="3"/></item>
<item name="DOB7" rev="22">
<attrib name="value" value="3"/></item>
<item name="DOPB0" rev="22">
<attrib name="value" value="3"/></item>
<item name="ENA" rev="22">
<attrib name="value" value="4"/></item>
<item name="ENB" rev="22">
<attrib name="value" value="4"/></item>
<item name="REGCEA" rev="22">
<attrib name="value" value="4"/></item>
<item name="REGCEB" rev="22">
<attrib name="value" value="4"/></item>
<item name="RSTA" rev="22">
<attrib name="value" value="4"/></item>
<item name="RSTB" rev="22">
<attrib name="value" value="4"/></item>
<item name="WEA0" rev="22">
<attrib name="value" value="4"/></item>
<item name="WEA1" rev="22">
<attrib name="value" value="4"/></item>
<item name="WEA2" rev="22">
<attrib name="value" value="4"/></item>
<item name="WEA3" rev="22">
<attrib name="value" value="4"/></item>
<item name="WEB0" rev="22">
<attrib name="value" value="4"/></item>
<item name="WEB1" rev="22">
<attrib name="value" value="4"/></item>
<item name="WEB2" rev="22">
<attrib name="value" value="4"/></item>
<item name="WEB3" rev="22">
<attrib name="value" value="4"/></item>
</group>
<group name="SELMUX2_1">
<item name="0" rev="22">
<attrib name="value" value="24"/></item>
<item name="1" rev="22">
<attrib name="value" value="19"/></item>
<item name="OUT" rev="22">
<attrib name="value" value="24"/></item>
<item name="S0" rev="22">
<attrib name="value" value="24"/></item>
</group>
<group name="IOB_IMUX">
<item name="I" rev="22">
<attrib name="value" value="7"/></item>
<item name="OUT" rev="22">
<attrib name="value" value="7"/></item>
</group>
<group name="ILOGIC2">
<item name="CE0" rev="22">
<attrib name="value" value="5"/></item>
<item name="CLK0" rev="22">
<attrib name="value" value="5"/></item>
<item name="CLK1" rev="22">
<attrib name="value" value="5"/></item>
<item name="D" rev="22">
<attrib name="value" value="5"/></item>
<item name="Q3" rev="22">
<attrib name="value" value="5"/></item>
<item name="Q4" rev="22">
<attrib name="value" value="5"/></item>
<item name="REV" rev="22">
<attrib name="value" value="5"/></item>
<item name="SR" rev="22">
<attrib name="value" value="5"/></item>
</group>
<group name="IOB">
<item name="I" rev="22">
<attrib name="value" value="7"/></item>
<item name="O" rev="22">
<attrib name="value" value="7"/></item>
<item name="PAD" rev="22">
<attrib name="value" value="14"/></item>
</group>
<group name="HARD0">
<item name="0" rev="22">
<attrib name="value" value="18"/></item>
</group>
<group name="HARD1">
<item name="1" rev="22">
<attrib name="value" value="11"/></item>
</group>
<group name="FF_SR">
<item name="CE" rev="22">
<attrib name="value" value="140"/></item>
<item name="CK" rev="22">
<attrib name="value" value="147"/></item>
<item name="D" rev="22">
<attrib name="value" value="147"/></item>
<item name="Q" rev="22">
<attrib name="value" value="147"/></item>
<item name="SR" rev="22">
<attrib name="value" value="147"/></item>
</group>
<group name="BUFG">
<item name="I0" rev="22">
<attrib name="value" value="1"/></item>
<item name="O" rev="22">
<attrib name="value" value="1"/></item>
</group>
</ReportPinData>
<CmdHistory>
</CmdHistory>
</DeviceUsageSummary>
