<?xml version="1.0" encoding="UTF-8"?>
<!-- IMPORTANT: This is an internal file that has been generated
     by the Xilinx ISE software.  Any direct editing or
     changes made to this file may result in unpredictable
     behavior or data corruption.  It is strongly advised that
     users do not edit the contents of this file. -->
<DeviceUsageSummary rev="119">
<DesignStatistics TimeStamp="Fri Feb 23 13:54:51 2024"><group name="NetStatistics">
<item name="NumNets_Active" rev="119">
<attrib name="value" value="4467"/></item>
<item name="NumNets_Gnd" rev="119">
<attrib name="value" value="1"/></item>
<item name="NumNets_Vcc" rev="119">
<attrib name="value" value="1"/></item>
<item name="NumNodesOfType_Active_BOUNCEACROSS" rev="119">
<attrib name="value" value="83"/></item>
<item name="NumNodesOfType_Active_BOUNCEIN" rev="119">
<attrib name="value" value="697"/></item>
<item name="NumNodesOfType_Active_BUFGOUT" rev="119">
<attrib name="value" value="6"/></item>
<item name="NumNodesOfType_Active_BUFHINP2OUT" rev="119">
<attrib name="value" value="30"/></item>
<item name="NumNodesOfType_Active_BUFIOINP" rev="119">
<attrib name="value" value="2"/></item>
<item name="NumNodesOfType_Active_CLKPIN" rev="119">
<attrib name="value" value="686"/></item>
<item name="NumNodesOfType_Active_CLKPINFEED" rev="119">
<attrib name="value" value="50"/></item>
<item name="NumNodesOfType_Active_CNTRLPIN" rev="119">
<attrib name="value" value="883"/></item>
<item name="NumNodesOfType_Active_DOUBLE" rev="119">
<attrib name="value" value="6656"/></item>
<item name="NumNodesOfType_Active_GENERIC" rev="119">
<attrib name="value" value="68"/></item>
<item name="NumNodesOfType_Active_GLOBAL" rev="119">
<attrib name="value" value="272"/></item>
<item name="NumNodesOfType_Active_INPUT" rev="119">
<attrib name="value" value="1041"/></item>
<item name="NumNodesOfType_Active_IOBIN2OUT" rev="119">
<attrib name="value" value="53"/></item>
<item name="NumNodesOfType_Active_IOBINPUT" rev="119">
<attrib name="value" value="5"/></item>
<item name="NumNodesOfType_Active_IOBOUTPUT" rev="119">
<attrib name="value" value="49"/></item>
<item name="NumNodesOfType_Active_LUTINPUT" rev="119">
<attrib name="value" value="13141"/></item>
<item name="NumNodesOfType_Active_OUTBOUND" rev="119">
<attrib name="value" value="4479"/></item>
<item name="NumNodesOfType_Active_OUTPUT" rev="119">
<attrib name="value" value="4527"/></item>
<item name="NumNodesOfType_Active_PADINPUT" rev="119">
<attrib name="value" value="24"/></item>
<item name="NumNodesOfType_Active_PADOUTPUT" rev="119">
<attrib name="value" value="20"/></item>
<item name="NumNodesOfType_Active_PINBOUNCE" rev="119">
<attrib name="value" value="2711"/></item>
<item name="NumNodesOfType_Active_PINFEED" rev="119">
<attrib name="value" value="15218"/></item>
<item name="NumNodesOfType_Active_PINFEED1" rev="119">
<attrib name="value" value="11"/></item>
<item name="NumNodesOfType_Active_PINFEED2" rev="119">
<attrib name="value" value="23"/></item>
<item name="NumNodesOfType_Active_QUAD" rev="119">
<attrib name="value" value="3260"/></item>
<item name="NumNodesOfType_Active_REGINPUT" rev="119">
<attrib name="value" value="961"/></item>
<item name="NumNodesOfType_Active_SINGLE" rev="119">
<attrib name="value" value="8439"/></item>
<item name="NumNodesOfType_Gnd_BOUNCEACROSS" rev="119">
<attrib name="value" value="3"/></item>
<item name="NumNodesOfType_Gnd_BOUNCEIN" rev="119">
<attrib name="value" value="277"/></item>
<item name="NumNodesOfType_Gnd_CLKPIN" rev="119">
<attrib name="value" value="3"/></item>
<item name="NumNodesOfType_Gnd_CNTRLPIN" rev="119">
<attrib name="value" value="28"/></item>
<item name="NumNodesOfType_Gnd_DOUBLE" rev="119">
<attrib name="value" value="11"/></item>
<item name="NumNodesOfType_Gnd_GENERIC" rev="119">
<attrib name="value" value="1"/></item>
<item name="NumNodesOfType_Gnd_HGNDOUT" rev="119">
<attrib name="value" value="135"/></item>
<item name="NumNodesOfType_Gnd_INPUT" rev="119">
<attrib name="value" value="1926"/></item>
<item name="NumNodesOfType_Gnd_IOBIN2OUT" rev="119">
<attrib name="value" value="1"/></item>
<item name="NumNodesOfType_Gnd_IOBINPUT" rev="119">
<attrib name="value" value="1"/></item>
<item name="NumNodesOfType_Gnd_IOBOUTPUT" rev="119">
<attrib name="value" value="1"/></item>
<item name="NumNodesOfType_Gnd_LUTINPUT" rev="119">
<attrib name="value" value="54"/></item>
<item name="NumNodesOfType_Gnd_OUTBOUND" rev="119">
<attrib name="value" value="27"/></item>
<item name="NumNodesOfType_Gnd_OUTPUT" rev="119">
<attrib name="value" value="30"/></item>
<item name="NumNodesOfType_Gnd_PADINPUT" rev="119">
<attrib name="value" value="1"/></item>
<item name="NumNodesOfType_Gnd_PINBOUNCE" rev="119">
<attrib name="value" value="573"/></item>
<item name="NumNodesOfType_Gnd_PINFEED" rev="119">
<attrib name="value" value="1819"/></item>
<item name="NumNodesOfType_Gnd_REGINPUT" rev="119">
<attrib name="value" value="35"/></item>
<item name="NumNodesOfType_Gnd_SINGLE" rev="119">
<attrib name="value" value="20"/></item>
<item name="NumNodesOfType_Vcc_CLKPIN" rev="119">
<attrib name="value" value="10"/></item>
<item name="NumNodesOfType_Vcc_CNTRLPIN" rev="119">
<attrib name="value" value="26"/></item>
<item name="NumNodesOfType_Vcc_GENERIC" rev="119">
<attrib name="value" value="2"/></item>
<item name="NumNodesOfType_Vcc_HVCCOUT" rev="119">
<attrib name="value" value="378"/></item>
<item name="NumNodesOfType_Vcc_INPUT" rev="119">
<attrib name="value" value="30"/></item>
<item name="NumNodesOfType_Vcc_IOBIN2OUT" rev="119">
<attrib name="value" value="3"/></item>
<item name="NumNodesOfType_Vcc_IOBOUTPUT" rev="119">
<attrib name="value" value="2"/></item>
<item name="NumNodesOfType_Vcc_KVCCOUT" rev="119">
<attrib name="value" value="50"/></item>
<item name="NumNodesOfType_Vcc_LUTINPUT" rev="119">
<attrib name="value" value="917"/></item>
<item name="NumNodesOfType_Vcc_PADINPUT" rev="119">
<attrib name="value" value="2"/></item>
<item name="NumNodesOfType_Vcc_PINBOUNCE" rev="119">
<attrib name="value" value="62"/></item>
<item name="NumNodesOfType_Vcc_PINFEED" rev="119">
<attrib name="value" value="966"/></item>
<item name="NumNodesOfType_Vcc_REGINPUT" rev="119">
<attrib name="value" value="42"/></item>
</group>
<group name="SiteStatistics">
<item name="BUFG-BUFGMUX" rev="119">
<attrib name="value" value="6"/></item>
<item name="IOB-IOBM" rev="119">
<attrib name="value" value="20"/></item>
<item name="IOB-IOBS" rev="119">
<attrib name="value" value="26"/></item>
<item name="SLICEL-SLICEM" rev="119">
<attrib name="value" value="139"/></item>
<item name="SLICEX-SLICEL" rev="119">
<attrib name="value" value="158"/></item>
<item name="SLICEX-SLICEM" rev="119">
<attrib name="value" value="167"/></item>
</group>
<group name="MiscellaneousStatistics">
<item name="AGG_BONDED_IO" rev="118">
<attrib name="value" value="46"/></item>
<item name="AGG_IO" rev="118">
<attrib name="value" value="46"/></item>
<item name="AGG_LOCED_IO" rev="118">
<attrib name="value" value="46"/></item>
<item name="AGG_SLICE" rev="118">
<attrib name="value" value="1130"/></item>
<item name="NUM_BONDED_IOB" rev="118">
<attrib name="value" value="46"/></item>
<item name="NUM_BSFULL" rev="118">
<attrib name="value" value="1440"/></item>
<item name="NUM_BSLUTONLY" rev="118">
<attrib name="value" value="1672"/></item>
<item name="NUM_BSREGONLY" rev="118">
<attrib name="value" value="408"/></item>
<item name="NUM_BSUSED" rev="118">
<attrib name="value" value="3520"/></item>
<item name="NUM_BUFG" rev="118">
<attrib name="value" value="6"/></item>
<item name="NUM_BUFIO2" rev="118">
<attrib name="value" value="1"/></item>
<item name="NUM_BUFIO2FB" rev="118">
<attrib name="value" value="1"/></item>
<item name="NUM_DCM" rev="118">
<attrib name="value" value="1"/></item>
<item name="NUM_DSP48A1" rev="118">
<attrib name="value" value="2"/></item>
<item name="NUM_ILOGIC2" rev="118">
<attrib name="value" value="5"/></item>
<item name="NUM_IOB_FF" rev="118">
<attrib name="value" value="11"/></item>
<item name="NUM_LOCED_IOB" rev="118">
<attrib name="value" value="46"/></item>
<item name="NUM_LOGIC_O5ANDO6" rev="118">
<attrib name="value" value="756"/></item>
<item name="NUM_LOGIC_O5ONLY" rev="118">
<attrib name="value" value="108"/></item>
<item name="NUM_LOGIC_O6ONLY" rev="118">
<attrib name="value" value="2166"/></item>
<item name="NUM_LUT_RT_DRIVES_CARRY4" rev="118">
<attrib name="value" value="10"/></item>
<item name="NUM_LUT_RT_DRIVES_FLOP" rev="118">
<attrib name="value" value="54"/></item>
<item name="NUM_LUT_RT_DRIVES_OTHERS" rev="118">
<attrib name="value" value="1"/></item>
<item name="NUM_LUT_RT_EXO5" rev="118">
<attrib name="value" value="54"/></item>
<item name="NUM_LUT_RT_EXO6" rev="118">
<attrib name="value" value="11"/></item>
<item name="NUM_LUT_RT_O5" rev="118">
<attrib name="value" value="5"/></item>
<item name="NUM_LUT_RT_O6" rev="118">
<attrib name="value" value="108"/></item>
<item name="NUM_OLOGIC2" rev="118">
<attrib name="value" value="6"/></item>
<item name="NUM_RAMB16BWER" rev="118">
<attrib name="value" value="22"/></item>
<item name="NUM_SLICEL" rev="118">
<attrib name="value" value="302"/></item>
<item name="NUM_SLICEM" rev="118">
<attrib name="value" value="5"/></item>
<item name="NUM_SLICEX" rev="118">
<attrib name="value" value="823"/></item>
<item name="NUM_SLICE_CARRY4" rev="118">
<attrib name="value" value="244"/></item>
<item name="NUM_SLICE_CONTROLSET" rev="118">
<attrib name="value" value="66"/></item>
<item name="NUM_SLICE_CYINIT" rev="118">
<attrib name="value" value="4056"/></item>
<item name="NUM_SLICE_F7MUX" rev="118">
<attrib name="value" value="78"/></item>
<item name="NUM_SLICE_F8MUX" rev="118">
<attrib name="value" value="18"/></item>
<item name="NUM_SLICE_FF" rev="118">
<attrib name="value" value="2071"/></item>
<item name="NUM_SLICE_LATCHLOGIC" rev="118">
<attrib name="value" value="23"/></item>
<item name="NUM_SLICE_UNUSEDCTRL" rev="118">
<attrib name="value" value="446"/></item>
<item name="NUM_SRL_O5ANDO6" rev="118">
<attrib name="value" value="6"/></item>
<item name="NUM_SRL_O6ONLY" rev="118">
<attrib name="value" value="11"/></item>
<item name="NUM_UNUSABLE_FF_BELS" rev="118">
<attrib name="value" value="170"/></item>
<item name="Xilinx Core blk_mem_gen_v7_3, Xilinx CORE Generator 14.7" rev="118">
<attrib name="value" value="7"/></item>
<item name="Xilinx Core cordic_v5_0, Xilinx CORE Generator 14.7" rev="118">
<attrib name="value" value="1"/></item>
<item name="Xilinx Core fifo_generator_v9_3, Xilinx CORE Generator 14.7" rev="118">
<attrib name="value" value="1"/></item>
</group>
</DesignStatistics>
<DeviceUsage TimeStamp="Fri Feb 23 13:54:51 2024"><group name="SiteSummary">
<item name="BUFG" rev="119">
<attrib name="total" value="1000000"/><attrib name="used" value="6"/></item>
<item name="BUFG_BUFG" rev="119">
<attrib name="total" value="1000000"/><attrib name="used" value="6"/></item>
<item name="BUFIO2" rev="119">
<attrib name="total" value="1000000"/><attrib name="used" value="1"/></item>
<item name="BUFIO2FB" rev="119">
<attrib name="total" value="1000000"/><attrib name="used" value="1"/></item>
<item name="BUFIO2FB_BUFIO2FB" rev="119">
<attrib name="total" value="1000000"/><attrib name="used" value="1"/></item>
<item name="BUFIO2_BUFIO2" rev="119">
<attrib name="total" value="1000000"/><attrib name="used" value="1"/></item>
<item name="CARRY4" rev="119">
<attrib name="total" value="1000000"/><attrib name="used" value="244"/></item>
<item name="DCM" rev="119">
<attrib name="total" value="1000000"/><attrib name="used" value="1"/></item>
<item name="DCM_DCM" rev="119">
<attrib name="total" value="1000000"/><attrib name="used" value="1"/></item>
<item name="DSP48A1" rev="119">
<attrib name="total" value="1000000"/><attrib name="used" value="2"/></item>
<item name="DSP48A1_DSP48A1" rev="119">
<attrib name="total" value="1000000"/><attrib name="used" value="2"/></item>
<item name="FF_SR" rev="119">
<attrib name="total" value="1000000"/><attrib name="used" value="268"/></item>
<item name="HARD0" rev="119">
<attrib name="total" value="1000000"/><attrib name="used" value="46"/></item>
<item name="HARD1" rev="119">
<attrib name="total" value="1000000"/><attrib name="used" value="28"/></item>
<item name="ILOGIC2" rev="119">
<attrib name="total" value="1000000"/><attrib name="used" value="5"/></item>
<item name="ILOGIC2_IFF" rev="119">
<attrib name="total" value="1000000"/><attrib name="used" value="5"/></item>
<item name="INVERTER" rev="119">
<attrib name="total" value="1000000"/><attrib name="used" value="1"/></item>
<item name="IOB" rev="119">
<attrib name="total" value="1000000"/><attrib name="used" value="46"/></item>
<item name="IOB_IMUX" rev="119">
<attrib name="total" value="1000000"/><attrib name="used" value="20"/></item>
<item name="IOB_INBUF" rev="119">
<attrib name="total" value="1000000"/><attrib name="used" value="20"/></item>
<item name="IOB_OUTBUF" rev="119">
<attrib name="total" value="1000000"/><attrib name="used" value="26"/></item>
<item name="LUT5" rev="119">
<attrib name="total" value="1000000"/><attrib name="used" value="923"/></item>
<item name="LUT6" rev="119">
<attrib name="total" value="1000000"/><attrib name="used" value="3041"/></item>
<item name="LUT_OR_MEM5" rev="119">
<attrib name="total" value="1000000"/><attrib name="used" value="6"/></item>
<item name="LUT_OR_MEM6" rev="119">
<attrib name="total" value="1000000"/><attrib name="used" value="17"/></item>
<item name="OLOGIC2" rev="119">
<attrib name="total" value="1000000"/><attrib name="used" value="6"/></item>
<item name="OLOGIC2_OUTFF" rev="119">
<attrib name="total" value="1000000"/><attrib name="used" value="6"/></item>
<item name="PAD" rev="119">
<attrib name="total" value="1000000"/><attrib name="used" value="46"/></item>
<item name="RAMB16BWER" rev="119">
<attrib name="total" value="1000000"/><attrib name="used" value="22"/></item>
<item name="RAMB16BWER_RAMB16BWER" rev="119">
<attrib name="total" value="1000000"/><attrib name="used" value="22"/></item>
<item name="REG_SR" rev="119">
<attrib name="total" value="1000000"/><attrib name="used" value="1826"/></item>
<item name="SELMUX2_1" rev="119">
<attrib name="total" value="1000000"/><attrib name="used" value="101"/></item>
<item name="SLICEL" rev="119">
<attrib name="total" value="1000000"/><attrib name="used" value="302"/></item>
<item name="SLICEM" rev="119">
<attrib name="total" value="1000000"/><attrib name="used" value="5"/></item>
<item name="SLICEX" rev="119">
<attrib name="total" value="1000000"/><attrib name="used" value="823"/></item>
</group>
</DeviceUsage>
<ReportConfigData TimeStamp="Fri Feb 23 13:54:51 2024"><group name="DSP48A1">
<item name="CEA" rev="119">
<attrib name="CEA_INV" value="0"/><attrib name="CEA" value="2"/></item>
<item name="CEB" rev="119">
<attrib name="CEB_INV" value="0"/><attrib name="CEB" value="2"/></item>
<item name="CEC" rev="119">
<attrib name="CEC" value="2"/><attrib name="CEC_INV" value="0"/></item>
<item name="CECARRYIN" rev="119">
<attrib name="CECARRYIN_INV" value="0"/><attrib name="CECARRYIN" value="2"/></item>
<item name="CED" rev="119">
<attrib name="CED_INV" value="0"/><attrib name="CED" value="2"/></item>
<item name="CEM" rev="119">
<attrib name="CEM_INV" value="0"/><attrib name="CEM" value="2"/></item>
<item name="CEOPMODE" rev="119">
<attrib name="CEOPMODE_INV" value="0"/><attrib name="CEOPMODE" value="2"/></item>
<item name="CEP" rev="119">
<attrib name="CEP" value="2"/><attrib name="CEP_INV" value="0"/></item>
<item name="CLK" rev="119">
<attrib name="CLK" value="2"/><attrib name="CLK_INV" value="0"/></item>
<item name="RSTA" rev="119">
<attrib name="RSTA" value="2"/><attrib name="RSTA_INV" value="0"/></item>
<item name="RSTB" rev="119">
<attrib name="RSTB" value="2"/><attrib name="RSTB_INV" value="0"/></item>
<item name="RSTC" rev="119">
<attrib name="RSTC_INV" value="0"/><attrib name="RSTC" value="2"/></item>
<item name="RSTCARRYIN" rev="119">
<attrib name="RSTCARRYIN_INV" value="0"/><attrib name="RSTCARRYIN" value="2"/></item>
<item name="RSTD" rev="119">
<attrib name="RSTD_INV" value="0"/><attrib name="RSTD" value="2"/></item>
<item name="RSTM" rev="119">
<attrib name="RSTM" value="2"/><attrib name="RSTM_INV" value="0"/></item>
<item name="RSTOPMODE" rev="119">
<attrib name="RSTOPMODE_INV" value="0"/><attrib name="RSTOPMODE" value="2"/></item>
<item name="RSTP" rev="119">
<attrib name="RSTP_INV" value="0"/><attrib name="RSTP" value="2"/></item>
</group>
<group name="REG_SR">
<item name="CK" rev="119">
<attrib name="CK" value="1803"/><attrib name="CK_INV" value="23"/></item>
<item name="LATCH_OR_FF" rev="119">
<attrib name="FF" value="1803"/><attrib name="AND2L" value="23"/></item>
<item name="SRINIT" rev="119">
<attrib name="SRINIT0" value="1647"/><attrib name="SRINIT1" value="179"/></item>
<item name="SYNC_ATTR" rev="119">
<attrib name="ASYNC" value="1810"/><attrib name="SYNC" value="16"/></item>
</group>
<group name="LUT_OR_MEM5">
<item name="CLK" rev="119">
<attrib name="CLK" value="6"/><attrib name="CLK_INV" value="0"/></item>
<item name="LUT_OR_MEM" rev="119">
<attrib name="RAM" value="6"/></item>
<item name="RAMMODE" rev="119">
<attrib name="SRL16" value="6"/></item>
</group>
<group name="LUT_OR_MEM6">
<item name="CLK" rev="119">
<attrib name="CLK" value="17"/><attrib name="CLK_INV" value="0"/></item>
<item name="LUT_OR_MEM" rev="119">
<attrib name="RAM" value="17"/></item>
<item name="RAMMODE" rev="119">
<attrib name="SRL16" value="17"/></item>
</group>
<group name="DSP48A1_DSP48A1">
<item name="A0REG" rev="119">
<attrib name="0" value="2"/></item>
<item name="A1REG" rev="119">
<attrib name="0" value="2"/></item>
<item name="B0REG" rev="119">
<attrib name="0" value="2"/></item>
<item name="B1REG" rev="119">
<attrib name="0" value="2"/></item>
<item name="B_INPUT" rev="119">
<attrib name="DIRECT" value="2"/></item>
<item name="CARRYINREG" rev="119">
<attrib name="0" value="2"/></item>
<item name="CARRYINSEL" rev="119">
<attrib name="OPMODE5" value="2"/></item>
<item name="CARRYOUTREG" rev="119">
<attrib name="0" value="2"/></item>
<item name="CEA" rev="119">
<attrib name="CEA_INV" value="0"/><attrib name="CEA" value="2"/></item>
<item name="CEB" rev="119">
<attrib name="CEB_INV" value="0"/><attrib name="CEB" value="2"/></item>
<item name="CEC" rev="119">
<attrib name="CEC" value="2"/><attrib name="CEC_INV" value="0"/></item>
<item name="CECARRYIN" rev="119">
<attrib name="CECARRYIN_INV" value="0"/><attrib name="CECARRYIN" value="2"/></item>
<item name="CED" rev="119">
<attrib name="CED_INV" value="0"/><attrib name="CED" value="2"/></item>
<item name="CEM" rev="119">
<attrib name="CEM_INV" value="0"/><attrib name="CEM" value="2"/></item>
<item name="CEOPMODE" rev="119">
<attrib name="CEOPMODE_INV" value="0"/><attrib name="CEOPMODE" value="2"/></item>
<item name="CEP" rev="119">
<attrib name="CEP" value="2"/><attrib name="CEP_INV" value="0"/></item>
<item name="CLK" rev="119">
<attrib name="CLK" value="2"/><attrib name="CLK_INV" value="0"/></item>
<item name="CREG" rev="119">
<attrib name="0" value="2"/></item>
<item name="DREG" rev="119">
<attrib name="0" value="2"/></item>
<item name="MREG" rev="119">
<attrib name="0" value="2"/></item>
<item name="OPMODEREG" rev="119">
<attrib name="0" value="2"/></item>
<item name="PREG" rev="119">
<attrib name="0" value="2"/></item>
<item name="RSTA" rev="119">
<attrib name="RSTA" value="2"/><attrib name="RSTA_INV" value="0"/></item>
<item name="RSTB" rev="119">
<attrib name="RSTB" value="2"/><attrib name="RSTB_INV" value="0"/></item>
<item name="RSTC" rev="119">
<attrib name="RSTC_INV" value="0"/><attrib name="RSTC" value="2"/></item>
<item name="RSTCARRYIN" rev="119">
<attrib name="RSTCARRYIN_INV" value="0"/><attrib name="RSTCARRYIN" value="2"/></item>
<item name="RSTD" rev="119">
<attrib name="RSTD_INV" value="0"/><attrib name="RSTD" value="2"/></item>
<item name="RSTM" rev="119">
<attrib name="RSTM" value="2"/><attrib name="RSTM_INV" value="0"/></item>
<item name="RSTOPMODE" rev="119">
<attrib name="RSTOPMODE_INV" value="0"/><attrib name="RSTOPMODE" value="2"/></item>
<item name="RSTP" rev="119">
<attrib name="RSTP_INV" value="0"/><attrib name="RSTP" value="2"/></item>
<item name="RSTTYPE" rev="119">
<attrib name="SYNC" value="2"/></item>
</group>
<group name="SLICEL">
<item name="CLK" rev="119">
<attrib name="CLK" value="135"/><attrib name="CLK_INV" value="10"/></item>
</group>
<group name="SLICEM">
<item name="CLK" rev="119">
<attrib name="CLK" value="5"/><attrib name="CLK_INV" value="0"/></item>
</group>
<group name="IOB_OUTBUF">
<item name="DRIVEATTRBOX" rev="119">
<attrib name="12" value="26"/></item>
<item name="SLEW" rev="119">
<attrib name="SLOW" value="26"/></item>
<item name="SUSPEND" rev="119">
<attrib name="3STATE" value="26"/></item>
</group>
<group name="SLICEX">
<item name="CLK" rev="119">
<attrib name="CLK" value="534"/><attrib name="CLK_INV" value="0"/></item>
</group>
<group name="ILOGIC2_IFF">
<item name="CLK0" rev="119">
<attrib name="CLK0_INV" value="0"/><attrib name="CLK0" value="5"/></item>
<item name="CLK1" rev="119">
<attrib name="CLK1" value="0"/><attrib name="CLK1_INV" value="5"/></item>
<item name="DDR_ALIGNMENT" rev="119">
<attrib name="C1" value="5"/></item>
<item name="IFFTYPE" rev="119">
<attrib name="DDR" value="5"/></item>
<item name="SAME_EDGE_PIPELINED" rev="119">
<attrib name="FALSE" value="5"/></item>
<item name="SRINIT_Q" rev="119">
<attrib name="0" value="5"/></item>
<item name="SRTYPE_Q" rev="119">
<attrib name="ASYNC" value="5"/></item>
</group>
<group name="BUFIO2FB_BUFIO2FB">
<item name="DIVIDE_BYPASS" rev="119">
<attrib name="TRUE" value="1"/></item>
<item name="INVERT_INPUTS" rev="119">
<attrib name="FALSE" value="1"/></item>
</group>
<group name="OLOGIC2">
<item name="CLK0" rev="119">
<attrib name="CLK0_INV" value="0"/><attrib name="CLK0" value="6"/></item>
<item name="CLK1" rev="119">
<attrib name="CLK1" value="0"/><attrib name="CLK1_INV" value="6"/></item>
</group>
<group name="RAMB16BWER">
<item name="CLKA" rev="119">
<attrib name="CLKA_INV" value="0"/><attrib name="CLKA" value="22"/></item>
<item name="CLKB" rev="119">
<attrib name="CLKB_INV" value="0"/><attrib name="CLKB" value="22"/></item>
<item name="ENA" rev="119">
<attrib name="ENA_INV" value="0"/><attrib name="ENA" value="22"/></item>
<item name="ENB" rev="119">
<attrib name="ENB_INV" value="0"/><attrib name="ENB" value="22"/></item>
<item name="REGCEA" rev="119">
<attrib name="REGCEA_INV" value="0"/><attrib name="REGCEA" value="22"/></item>
<item name="REGCEB" rev="119">
<attrib name="REGCEB_INV" value="0"/><attrib name="REGCEB" value="22"/></item>
<item name="RSTA" rev="119">
<attrib name="RSTA" value="22"/><attrib name="RSTA_INV" value="0"/></item>
<item name="RSTB" rev="119">
<attrib name="RSTB" value="22"/><attrib name="RSTB_INV" value="0"/></item>
<item name="WEA0" rev="119">
<attrib name="WEA0" value="22"/><attrib name="WEA0_INV" value="0"/></item>
<item name="WEA1" rev="119">
<attrib name="WEA1" value="22"/><attrib name="WEA1_INV" value="0"/></item>
<item name="WEA2" rev="119">
<attrib name="WEA2" value="22"/><attrib name="WEA2_INV" value="0"/></item>
<item name="WEA3" rev="119">
<attrib name="WEA3_INV" value="0"/><attrib name="WEA3" value="22"/></item>
<item name="WEB0" rev="119">
<attrib name="WEB0" value="22"/><attrib name="WEB0_INV" value="0"/></item>
<item name="WEB1" rev="119">
<attrib name="WEB1" value="22"/><attrib name="WEB1_INV" value="0"/></item>
<item name="WEB2" rev="119">
<attrib name="WEB2_INV" value="0"/><attrib name="WEB2" value="22"/></item>
<item name="WEB3" rev="119">
<attrib name="WEB3" value="22"/><attrib name="WEB3_INV" value="0"/></item>
</group>
<group name="BUFIO2_BUFIO2">
<item name="DIVIDE" rev="119">
<attrib name="1" value="1"/></item>
<item name="DIVIDE_BYPASS" rev="119">
<attrib name="TRUE" value="1"/></item>
<item name="I_INVERT" rev="119">
<attrib name="FALSE" value="1"/></item>
</group>
<group name="OLOGIC2_OUTFF">
<item name="CK0" rev="119">
<attrib name="CK0_INV" value="0"/><attrib name="CK0" value="6"/></item>
<item name="CK1" rev="119">
<attrib name="CK1_INV" value="6"/><attrib name="CK1" value="0"/></item>
<item name="DDR_ALIGNMENT" rev="119">
<attrib name="C0" value="6"/></item>
<item name="OUTFFTYPE" rev="119">
<attrib name="DDR" value="6"/></item>
<item name="SRINIT_OQ" rev="119">
<attrib name="0" value="6"/></item>
<item name="SRTYPE_OQ" rev="119">
<attrib name="ASYNC" value="6"/></item>
</group>
<group name="RAMB16BWER_RAMB16BWER">
<item name="CLKA" rev="119">
<attrib name="CLKA_INV" value="0"/><attrib name="CLKA" value="22"/></item>
<item name="CLKB" rev="119">
<attrib name="CLKB_INV" value="0"/><attrib name="CLKB" value="22"/></item>
<item name="DATA_WIDTH_A" rev="119">
<attrib name="1" value="7"/><attrib name="9" value="15"/></item>
<item name="DATA_WIDTH_B" rev="119">
<attrib name="1" value="7"/><attrib name="9" value="15"/></item>
<item name="DOA_REG" rev="119">
<attrib name="0" value="22"/></item>
<item name="DOB_REG" rev="119">
<attrib name="0" value="22"/></item>
<item name="ENA" rev="119">
<attrib name="ENA_INV" value="0"/><attrib name="ENA" value="22"/></item>
<item name="ENB" rev="119">
<attrib name="ENB_INV" value="0"/><attrib name="ENB" value="22"/></item>
<item name="EN_RSTRAM_A" rev="119">
<attrib name="FALSE" value="22"/></item>
<item name="EN_RSTRAM_B" rev="119">
<attrib name="FALSE" value="21"/><attrib name="TRUE" value="1"/></item>
<item name="RAM_MODE" rev="119">
<attrib name="TDP" value="22"/></item>
<item name="REGCEA" rev="119">
<attrib name="REGCEA_INV" value="0"/><attrib name="REGCEA" value="22"/></item>
<item name="REGCEB" rev="119">
<attrib name="REGCEB_INV" value="0"/><attrib name="REGCEB" value="22"/></item>
<item name="RSTA" rev="119">
<attrib name="RSTA" value="22"/><attrib name="RSTA_INV" value="0"/></item>
<item name="RSTB" rev="119">
<attrib name="RSTB" value="22"/><attrib name="RSTB_INV" value="0"/></item>
<item name="RSTTYPE" rev="119">
<attrib name="SYNC" value="22"/></item>
<item name="RST_PRIORITY_A" rev="119">
<attrib name="CE" value="22"/></item>
<item name="RST_PRIORITY_B" rev="119">
<attrib name="CE" value="22"/></item>
<item name="WEA0" rev="119">
<attrib name="WEA0" value="22"/><attrib name="WEA0_INV" value="0"/></item>
<item name="WEA1" rev="119">
<attrib name="WEA1" value="22"/><attrib name="WEA1_INV" value="0"/></item>
<item name="WEA2" rev="119">
<attrib name="WEA2" value="22"/><attrib name="WEA2_INV" value="0"/></item>
<item name="WEA3" rev="119">
<attrib name="WEA3_INV" value="0"/><attrib name="WEA3" value="22"/></item>
<item name="WEB0" rev="119">
<attrib name="WEB0" value="22"/><attrib name="WEB0_INV" value="0"/></item>
<item name="WEB1" rev="119">
<attrib name="WEB1" value="22"/><attrib name="WEB1_INV" value="0"/></item>
<item name="WEB2" rev="119">
<attrib name="WEB2_INV" value="0"/><attrib name="WEB2" value="22"/></item>
<item name="WEB3" rev="119">
<attrib name="WEB3" value="22"/><attrib name="WEB3_INV" value="0"/></item>
<item name="WRITE_MODE_A" rev="119">
<attrib name="WRITE_FIRST" value="22"/></item>
<item name="WRITE_MODE_B" rev="119">
<attrib name="WRITE_FIRST" value="22"/></item>
</group>
<group name="ILOGIC2">
<item name="CLK0" rev="119">
<attrib name="CLK0_INV" value="0"/><attrib name="CLK0" value="5"/></item>
<item name="CLK1" rev="119">
<attrib name="CLK1" value="0"/><attrib name="CLK1_INV" value="5"/></item>
</group>
<group name="DCM_DCM">
<item name="CLKDV_DIVIDE" rev="119">
<attrib name="2.0" value="1"/></item>
<item name="CLKIN_DIVIDE_BY_2" rev="119">
<attrib name="FALSE" value="1"/></item>
<item name="CLKOUT_PHASE_SHIFT" rev="119">
<attrib name="NONE" value="1"/></item>
<item name="CLK_FEEDBACK" rev="119">
<attrib name="1X" value="1"/></item>
<item name="DESKEW_ADJUST" rev="119">
<attrib name="5" value="1"/></item>
<item name="DFS_FREQUENCY_MODE" rev="119">
<attrib name="LOW" value="1"/></item>
<item name="DLL_FREQUENCY_MODE" rev="119">
<attrib name="LOW" value="1"/></item>
<item name="DSS_MODE" rev="119">
<attrib name="NONE" value="1"/></item>
<item name="DUTY_CYCLE_CORRECTION" rev="119">
<attrib name="TRUE" value="1"/></item>
<item name="PSCLK" rev="119">
<attrib name="PSCLK_INV" value="0"/><attrib name="PSCLK" value="1"/></item>
<item name="PSEN" rev="119">
<attrib name="PSEN_INV" value="0"/><attrib name="PSEN" value="1"/></item>
<item name="PSINCDEC" rev="119">
<attrib name="PSINCDEC" value="1"/><attrib name="PSINCDEC_INV" value="0"/></item>
<item name="RST" rev="119">
<attrib name="RST" value="1"/><attrib name="RST_INV" value="0"/></item>
<item name="STARTUP_WAIT" rev="119">
<attrib name="FALSE" value="1"/></item>
<item name="VERY_HIGH_FREQUENCY" rev="119">
<attrib name="FALSE" value="1"/></item>
</group>
<group name="FF_SR">
<item name="CK" rev="119">
<attrib name="CK" value="268"/><attrib name="CK_INV" value="0"/></item>
<item name="SRINIT" rev="119">
<attrib name="SRINIT0" value="247"/><attrib name="SRINIT1" value="21"/></item>
<item name="SYNC_ATTR" rev="119">
<attrib name="ASYNC" value="264"/><attrib name="SYNC" value="4"/></item>
</group>
<group name="DCM">
<item name="PSCLK" rev="119">
<attrib name="PSCLK_INV" value="0"/><attrib name="PSCLK" value="1"/></item>
<item name="PSEN" rev="119">
<attrib name="PSEN_INV" value="0"/><attrib name="PSEN" value="1"/></item>
<item name="PSINCDEC" rev="119">
<attrib name="PSINCDEC" value="1"/><attrib name="PSINCDEC_INV" value="0"/></item>
<item name="RST" rev="119">
<attrib name="RST" value="1"/><attrib name="RST_INV" value="0"/></item>
</group>
</ReportConfigData>
<ReportPinData TimeStamp="Fri Feb 23 13:54:51 2024"><group name="BUFIO2">
<item name="DIVCLK" rev="119">
<attrib name="value" value="1"/></item>
<item name="I" rev="119">
<attrib name="value" value="1"/></item>
</group>
<group name="DSP48A1">
<item name="A0" rev="119">
<attrib name="value" value="2"/></item>
<item name="A1" rev="119">
<attrib name="value" value="2"/></item>
<item name="A10" rev="119">
<attrib name="value" value="2"/></item>
<item name="A11" rev="119">
<attrib name="value" value="2"/></item>
<item name="A12" rev="119">
<attrib name="value" value="2"/></item>
<item name="A13" rev="119">
<attrib name="value" value="2"/></item>
<item name="A14" rev="119">
<attrib name="value" value="2"/></item>
<item name="A15" rev="119">
<attrib name="value" value="2"/></item>
<item name="A16" rev="119">
<attrib name="value" value="2"/></item>
<item name="A17" rev="119">
<attrib name="value" value="2"/></item>
<item name="A2" rev="119">
<attrib name="value" value="2"/></item>
<item name="A3" rev="119">
<attrib name="value" value="2"/></item>
<item name="A4" rev="119">
<attrib name="value" value="2"/></item>
<item name="A5" rev="119">
<attrib name="value" value="2"/></item>
<item name="A6" rev="119">
<attrib name="value" value="2"/></item>
<item name="A7" rev="119">
<attrib name="value" value="2"/></item>
<item name="A8" rev="119">
<attrib name="value" value="2"/></item>
<item name="A9" rev="119">
<attrib name="value" value="2"/></item>
<item name="B0" rev="119">
<attrib name="value" value="2"/></item>
<item name="B1" rev="119">
<attrib name="value" value="2"/></item>
<item name="B10" rev="119">
<attrib name="value" value="2"/></item>
<item name="B11" rev="119">
<attrib name="value" value="2"/></item>
<item name="B12" rev="119">
<attrib name="value" value="2"/></item>
<item name="B13" rev="119">
<attrib name="value" value="2"/></item>
<item name="B14" rev="119">
<attrib name="value" value="2"/></item>
<item name="B15" rev="119">
<attrib name="value" value="2"/></item>
<item name="B16" rev="119">
<attrib name="value" value="2"/></item>
<item name="B17" rev="119">
<attrib name="value" value="2"/></item>
<item name="B2" rev="119">
<attrib name="value" value="2"/></item>
<item name="B3" rev="119">
<attrib name="value" value="2"/></item>
<item name="B4" rev="119">
<attrib name="value" value="2"/></item>
<item name="B5" rev="119">
<attrib name="value" value="2"/></item>
<item name="B6" rev="119">
<attrib name="value" value="2"/></item>
<item name="B7" rev="119">
<attrib name="value" value="2"/></item>
<item name="B8" rev="119">
<attrib name="value" value="2"/></item>
<item name="B9" rev="119">
<attrib name="value" value="2"/></item>
<item name="C0" rev="119">
<attrib name="value" value="2"/></item>
<item name="C1" rev="119">
<attrib name="value" value="2"/></item>
<item name="C10" rev="119">
<attrib name="value" value="2"/></item>
<item name="C11" rev="119">
<attrib name="value" value="2"/></item>
<item name="C12" rev="119">
<attrib name="value" value="2"/></item>
<item name="C13" rev="119">
<attrib name="value" value="2"/></item>
<item name="C14" rev="119">
<attrib name="value" value="2"/></item>
<item name="C15" rev="119">
<attrib name="value" value="2"/></item>
<item name="C16" rev="119">
<attrib name="value" value="2"/></item>
<item name="C17" rev="119">
<attrib name="value" value="2"/></item>
<item name="C18" rev="119">
<attrib name="value" value="2"/></item>
<item name="C19" rev="119">
<attrib name="value" value="2"/></item>
<item name="C2" rev="119">
<attrib name="value" value="2"/></item>
<item name="C20" rev="119">
<attrib name="value" value="2"/></item>
<item name="C21" rev="119">
<attrib name="value" value="2"/></item>
<item name="C22" rev="119">
<attrib name="value" value="2"/></item>
<item name="C23" rev="119">
<attrib name="value" value="2"/></item>
<item name="C24" rev="119">
<attrib name="value" value="2"/></item>
<item name="C25" rev="119">
<attrib name="value" value="2"/></item>
<item name="C26" rev="119">
<attrib name="value" value="2"/></item>
<item name="C27" rev="119">
<attrib name="value" value="2"/></item>
<item name="C28" rev="119">
<attrib name="value" value="2"/></item>
<item name="C29" rev="119">
<attrib name="value" value="2"/></item>
<item name="C3" rev="119">
<attrib name="value" value="2"/></item>
<item name="C30" rev="119">
<attrib name="value" value="2"/></item>
<item name="C31" rev="119">
<attrib name="value" value="2"/></item>
<item name="C32" rev="119">
<attrib name="value" value="2"/></item>
<item name="C33" rev="119">
<attrib name="value" value="2"/></item>
<item name="C34" rev="119">
<attrib name="value" value="2"/></item>
<item name="C35" rev="119">
<attrib name="value" value="2"/></item>
<item name="C36" rev="119">
<attrib name="value" value="2"/></item>
<item name="C37" rev="119">
<attrib name="value" value="2"/></item>
<item name="C38" rev="119">
<attrib name="value" value="2"/></item>
<item name="C39" rev="119">
<attrib name="value" value="2"/></item>
<item name="C4" rev="119">
<attrib name="value" value="2"/></item>
<item name="C40" rev="119">
<attrib name="value" value="2"/></item>
<item name="C41" rev="119">
<attrib name="value" value="2"/></item>
<item name="C42" rev="119">
<attrib name="value" value="2"/></item>
<item name="C43" rev="119">
<attrib name="value" value="2"/></item>
<item name="C44" rev="119">
<attrib name="value" value="2"/></item>
<item name="C45" rev="119">
<attrib name="value" value="2"/></item>
<item name="C46" rev="119">
<attrib name="value" value="2"/></item>
<item name="C47" rev="119">
<attrib name="value" value="2"/></item>
<item name="C5" rev="119">
<attrib name="value" value="2"/></item>
<item name="C6" rev="119">
<attrib name="value" value="2"/></item>
<item name="C7" rev="119">
<attrib name="value" value="2"/></item>
<item name="C8" rev="119">
<attrib name="value" value="2"/></item>
<item name="C9" rev="119">
<attrib name="value" value="2"/></item>
<item name="CEA" rev="119">
<attrib name="value" value="2"/></item>
<item name="CEB" rev="119">
<attrib name="value" value="2"/></item>
<item name="CEC" rev="119">
<attrib name="value" value="2"/></item>
<item name="CECARRYIN" rev="119">
<attrib name="value" value="2"/></item>
<item name="CED" rev="119">
<attrib name="value" value="2"/></item>
<item name="CEM" rev="119">
<attrib name="value" value="2"/></item>
<item name="CEOPMODE" rev="119">
<attrib name="value" value="2"/></item>
<item name="CEP" rev="119">
<attrib name="value" value="2"/></item>
<item name="CLK" rev="119">
<attrib name="value" value="2"/></item>
<item name="D0" rev="119">
<attrib name="value" value="2"/></item>
<item name="D1" rev="119">
<attrib name="value" value="2"/></item>
<item name="D10" rev="119">
<attrib name="value" value="2"/></item>
<item name="D11" rev="119">
<attrib name="value" value="2"/></item>
<item name="D12" rev="119">
<attrib name="value" value="2"/></item>
<item name="D13" rev="119">
<attrib name="value" value="2"/></item>
<item name="D14" rev="119">
<attrib name="value" value="2"/></item>
<item name="D15" rev="119">
<attrib name="value" value="2"/></item>
<item name="D16" rev="119">
<attrib name="value" value="2"/></item>
<item name="D17" rev="119">
<attrib name="value" value="2"/></item>
<item name="D2" rev="119">
<attrib name="value" value="2"/></item>
<item name="D3" rev="119">
<attrib name="value" value="2"/></item>
<item name="D4" rev="119">
<attrib name="value" value="2"/></item>
<item name="D5" rev="119">
<attrib name="value" value="2"/></item>
<item name="D6" rev="119">
<attrib name="value" value="2"/></item>
<item name="D7" rev="119">
<attrib name="value" value="2"/></item>
<item name="D8" rev="119">
<attrib name="value" value="2"/></item>
<item name="D9" rev="119">
<attrib name="value" value="2"/></item>
<item name="M0" rev="119">
<attrib name="value" value="1"/></item>
<item name="M1" rev="119">
<attrib name="value" value="1"/></item>
<item name="M10" rev="119">
<attrib name="value" value="1"/></item>
<item name="M11" rev="119">
<attrib name="value" value="1"/></item>
<item name="M12" rev="119">
<attrib name="value" value="1"/></item>
<item name="M13" rev="119">
<attrib name="value" value="1"/></item>
<item name="M14" rev="119">
<attrib name="value" value="1"/></item>
<item name="M15" rev="119">
<attrib name="value" value="1"/></item>
<item name="M16" rev="119">
<attrib name="value" value="1"/></item>
<item name="M17" rev="119">
<attrib name="value" value="1"/></item>
<item name="M18" rev="119">
<attrib name="value" value="1"/></item>
<item name="M19" rev="119">
<attrib name="value" value="1"/></item>
<item name="M2" rev="119">
<attrib name="value" value="1"/></item>
<item name="M3" rev="119">
<attrib name="value" value="1"/></item>
<item name="M4" rev="119">
<attrib name="value" value="1"/></item>
<item name="M5" rev="119">
<attrib name="value" value="1"/></item>
<item name="M6" rev="119">
<attrib name="value" value="1"/></item>
<item name="M7" rev="119">
<attrib name="value" value="1"/></item>
<item name="M8" rev="119">
<attrib name="value" value="1"/></item>
<item name="M9" rev="119">
<attrib name="value" value="1"/></item>
<item name="OPMODE0" rev="119">
<attrib name="value" value="2"/></item>
<item name="OPMODE1" rev="119">
<attrib name="value" value="2"/></item>
<item name="OPMODE2" rev="119">
<attrib name="value" value="2"/></item>
<item name="OPMODE3" rev="119">
<attrib name="value" value="2"/></item>
<item name="OPMODE4" rev="119">
<attrib name="value" value="2"/></item>
<item name="OPMODE5" rev="119">
<attrib name="value" value="2"/></item>
<item name="OPMODE6" rev="119">
<attrib name="value" value="2"/></item>
<item name="OPMODE7" rev="119">
<attrib name="value" value="2"/></item>
<item name="P0" rev="119">
<attrib name="value" value="1"/></item>
<item name="P1" rev="119">
<attrib name="value" value="1"/></item>
<item name="P10" rev="119">
<attrib name="value" value="1"/></item>
<item name="P11" rev="119">
<attrib name="value" value="1"/></item>
<item name="P12" rev="119">
<attrib name="value" value="1"/></item>
<item name="P13" rev="119">
<attrib name="value" value="1"/></item>
<item name="P14" rev="119">
<attrib name="value" value="1"/></item>
<item name="P15" rev="119">
<attrib name="value" value="1"/></item>
<item name="P16" rev="119">
<attrib name="value" value="1"/></item>
<item name="P17" rev="119">
<attrib name="value" value="1"/></item>
<item name="P18" rev="119">
<attrib name="value" value="1"/></item>
<item name="P19" rev="119">
<attrib name="value" value="1"/></item>
<item name="P2" rev="119">
<attrib name="value" value="1"/></item>
<item name="P20" rev="119">
<attrib name="value" value="1"/></item>
<item name="P3" rev="119">
<attrib name="value" value="1"/></item>
<item name="P4" rev="119">
<attrib name="value" value="1"/></item>
<item name="P5" rev="119">
<attrib name="value" value="1"/></item>
<item name="P6" rev="119">
<attrib name="value" value="1"/></item>
<item name="P7" rev="119">
<attrib name="value" value="1"/></item>
<item name="P8" rev="119">
<attrib name="value" value="1"/></item>
<item name="P9" rev="119">
<attrib name="value" value="1"/></item>
<item name="RSTA" rev="119">
<attrib name="value" value="2"/></item>
<item name="RSTB" rev="119">
<attrib name="value" value="2"/></item>
<item name="RSTC" rev="119">
<attrib name="value" value="2"/></item>
<item name="RSTCARRYIN" rev="119">
<attrib name="value" value="2"/></item>
<item name="RSTD" rev="119">
<attrib name="value" value="2"/></item>
<item name="RSTM" rev="119">
<attrib name="value" value="2"/></item>
<item name="RSTOPMODE" rev="119">
<attrib name="value" value="2"/></item>
<item name="RSTP" rev="119">
<attrib name="value" value="2"/></item>
</group>
<group name="REG_SR">
<item name="CE" rev="119">
<attrib name="value" value="922"/></item>
<item name="CK" rev="119">
<attrib name="value" value="1826"/></item>
<item name="D" rev="119">
<attrib name="value" value="1826"/></item>
<item name="Q" rev="119">
<attrib name="value" value="1826"/></item>
<item name="SR" rev="119">
<attrib name="value" value="1610"/></item>
</group>
<group name="LUT_OR_MEM5">
<item name="A1" rev="119">
<attrib name="value" value="6"/></item>
<item name="A2" rev="119">
<attrib name="value" value="6"/></item>
<item name="A3" rev="119">
<attrib name="value" value="6"/></item>
<item name="A4" rev="119">
<attrib name="value" value="6"/></item>
<item name="A5" rev="119">
<attrib name="value" value="6"/></item>
<item name="CLK" rev="119">
<attrib name="value" value="6"/></item>
<item name="DI1" rev="119">
<attrib name="value" value="6"/></item>
<item name="O5" rev="119">
<attrib name="value" value="6"/></item>
<item name="WE" rev="119">
<attrib name="value" value="6"/></item>
</group>
<group name="LUT_OR_MEM6">
<item name="A1" rev="119">
<attrib name="value" value="17"/></item>
<item name="A2" rev="119">
<attrib name="value" value="17"/></item>
<item name="A3" rev="119">
<attrib name="value" value="17"/></item>
<item name="A4" rev="119">
<attrib name="value" value="17"/></item>
<item name="A5" rev="119">
<attrib name="value" value="17"/></item>
<item name="A6" rev="119">
<attrib name="value" value="17"/></item>
<item name="CLK" rev="119">
<attrib name="value" value="17"/></item>
<item name="DI2" rev="119">
<attrib name="value" value="17"/></item>
<item name="O6" rev="119">
<attrib name="value" value="17"/></item>
<item name="WE" rev="119">
<attrib name="value" value="17"/></item>
</group>
<group name="DSP48A1_DSP48A1">
<item name="A0" rev="119">
<attrib name="value" value="2"/></item>
<item name="A1" rev="119">
<attrib name="value" value="2"/></item>
<item name="A10" rev="119">
<attrib name="value" value="2"/></item>
<item name="A11" rev="119">
<attrib name="value" value="2"/></item>
<item name="A12" rev="119">
<attrib name="value" value="2"/></item>
<item name="A13" rev="119">
<attrib name="value" value="2"/></item>
<item name="A14" rev="119">
<attrib name="value" value="2"/></item>
<item name="A15" rev="119">
<attrib name="value" value="2"/></item>
<item name="A16" rev="119">
<attrib name="value" value="2"/></item>
<item name="A17" rev="119">
<attrib name="value" value="2"/></item>
<item name="A2" rev="119">
<attrib name="value" value="2"/></item>
<item name="A3" rev="119">
<attrib name="value" value="2"/></item>
<item name="A4" rev="119">
<attrib name="value" value="2"/></item>
<item name="A5" rev="119">
<attrib name="value" value="2"/></item>
<item name="A6" rev="119">
<attrib name="value" value="2"/></item>
<item name="A7" rev="119">
<attrib name="value" value="2"/></item>
<item name="A8" rev="119">
<attrib name="value" value="2"/></item>
<item name="A9" rev="119">
<attrib name="value" value="2"/></item>
<item name="B0" rev="119">
<attrib name="value" value="2"/></item>
<item name="B1" rev="119">
<attrib name="value" value="2"/></item>
<item name="B10" rev="119">
<attrib name="value" value="2"/></item>
<item name="B11" rev="119">
<attrib name="value" value="2"/></item>
<item name="B12" rev="119">
<attrib name="value" value="2"/></item>
<item name="B13" rev="119">
<attrib name="value" value="2"/></item>
<item name="B14" rev="119">
<attrib name="value" value="2"/></item>
<item name="B15" rev="119">
<attrib name="value" value="2"/></item>
<item name="B16" rev="119">
<attrib name="value" value="2"/></item>
<item name="B17" rev="119">
<attrib name="value" value="2"/></item>
<item name="B2" rev="119">
<attrib name="value" value="2"/></item>
<item name="B3" rev="119">
<attrib name="value" value="2"/></item>
<item name="B4" rev="119">
<attrib name="value" value="2"/></item>
<item name="B5" rev="119">
<attrib name="value" value="2"/></item>
<item name="B6" rev="119">
<attrib name="value" value="2"/></item>
<item name="B7" rev="119">
<attrib name="value" value="2"/></item>
<item name="B8" rev="119">
<attrib name="value" value="2"/></item>
<item name="B9" rev="119">
<attrib name="value" value="2"/></item>
<item name="C0" rev="119">
<attrib name="value" value="2"/></item>
<item name="C1" rev="119">
<attrib name="value" value="2"/></item>
<item name="C10" rev="119">
<attrib name="value" value="2"/></item>
<item name="C11" rev="119">
<attrib name="value" value="2"/></item>
<item name="C12" rev="119">
<attrib name="value" value="2"/></item>
<item name="C13" rev="119">
<attrib name="value" value="2"/></item>
<item name="C14" rev="119">
<attrib name="value" value="2"/></item>
<item name="C15" rev="119">
<attrib name="value" value="2"/></item>
<item name="C16" rev="119">
<attrib name="value" value="2"/></item>
<item name="C17" rev="119">
<attrib name="value" value="2"/></item>
<item name="C18" rev="119">
<attrib name="value" value="2"/></item>
<item name="C19" rev="119">
<attrib name="value" value="2"/></item>
<item name="C2" rev="119">
<attrib name="value" value="2"/></item>
<item name="C20" rev="119">
<attrib name="value" value="2"/></item>
<item name="C21" rev="119">
<attrib name="value" value="2"/></item>
<item name="C22" rev="119">
<attrib name="value" value="2"/></item>
<item name="C23" rev="119">
<attrib name="value" value="2"/></item>
<item name="C24" rev="119">
<attrib name="value" value="2"/></item>
<item name="C25" rev="119">
<attrib name="value" value="2"/></item>
<item name="C26" rev="119">
<attrib name="value" value="2"/></item>
<item name="C27" rev="119">
<attrib name="value" value="2"/></item>
<item name="C28" rev="119">
<attrib name="value" value="2"/></item>
<item name="C29" rev="119">
<attrib name="value" value="2"/></item>
<item name="C3" rev="119">
<attrib name="value" value="2"/></item>
<item name="C30" rev="119">
<attrib name="value" value="2"/></item>
<item name="C31" rev="119">
<attrib name="value" value="2"/></item>
<item name="C32" rev="119">
<attrib name="value" value="2"/></item>
<item name="C33" rev="119">
<attrib name="value" value="2"/></item>
<item name="C34" rev="119">
<attrib name="value" value="2"/></item>
<item name="C35" rev="119">
<attrib name="value" value="2"/></item>
<item name="C36" rev="119">
<attrib name="value" value="2"/></item>
<item name="C37" rev="119">
<attrib name="value" value="2"/></item>
<item name="C38" rev="119">
<attrib name="value" value="2"/></item>
<item name="C39" rev="119">
<attrib name="value" value="2"/></item>
<item name="C4" rev="119">
<attrib name="value" value="2"/></item>
<item name="C40" rev="119">
<attrib name="value" value="2"/></item>
<item name="C41" rev="119">
<attrib name="value" value="2"/></item>
<item name="C42" rev="119">
<attrib name="value" value="2"/></item>
<item name="C43" rev="119">
<attrib name="value" value="2"/></item>
<item name="C44" rev="119">
<attrib name="value" value="2"/></item>
<item name="C45" rev="119">
<attrib name="value" value="2"/></item>
<item name="C46" rev="119">
<attrib name="value" value="2"/></item>
<item name="C47" rev="119">
<attrib name="value" value="2"/></item>
<item name="C5" rev="119">
<attrib name="value" value="2"/></item>
<item name="C6" rev="119">
<attrib name="value" value="2"/></item>
<item name="C7" rev="119">
<attrib name="value" value="2"/></item>
<item name="C8" rev="119">
<attrib name="value" value="2"/></item>
<item name="C9" rev="119">
<attrib name="value" value="2"/></item>
<item name="CEA" rev="119">
<attrib name="value" value="2"/></item>
<item name="CEB" rev="119">
<attrib name="value" value="2"/></item>
<item name="CEC" rev="119">
<attrib name="value" value="2"/></item>
<item name="CECARRYIN" rev="119">
<attrib name="value" value="2"/></item>
<item name="CED" rev="119">
<attrib name="value" value="2"/></item>
<item name="CEM" rev="119">
<attrib name="value" value="2"/></item>
<item name="CEOPMODE" rev="119">
<attrib name="value" value="2"/></item>
<item name="CEP" rev="119">
<attrib name="value" value="2"/></item>
<item name="CLK" rev="119">
<attrib name="value" value="2"/></item>
<item name="D0" rev="119">
<attrib name="value" value="2"/></item>
<item name="D1" rev="119">
<attrib name="value" value="2"/></item>
<item name="D10" rev="119">
<attrib name="value" value="2"/></item>
<item name="D11" rev="119">
<attrib name="value" value="2"/></item>
<item name="D12" rev="119">
<attrib name="value" value="2"/></item>
<item name="D13" rev="119">
<attrib name="value" value="2"/></item>
<item name="D14" rev="119">
<attrib name="value" value="2"/></item>
<item name="D15" rev="119">
<attrib name="value" value="2"/></item>
<item name="D16" rev="119">
<attrib name="value" value="2"/></item>
<item name="D17" rev="119">
<attrib name="value" value="2"/></item>
<item name="D2" rev="119">
<attrib name="value" value="2"/></item>
<item name="D3" rev="119">
<attrib name="value" value="2"/></item>
<item name="D4" rev="119">
<attrib name="value" value="2"/></item>
<item name="D5" rev="119">
<attrib name="value" value="2"/></item>
<item name="D6" rev="119">
<attrib name="value" value="2"/></item>
<item name="D7" rev="119">
<attrib name="value" value="2"/></item>
<item name="D8" rev="119">
<attrib name="value" value="2"/></item>
<item name="D9" rev="119">
<attrib name="value" value="2"/></item>
<item name="M0" rev="119">
<attrib name="value" value="1"/></item>
<item name="M1" rev="119">
<attrib name="value" value="1"/></item>
<item name="M10" rev="119">
<attrib name="value" value="1"/></item>
<item name="M11" rev="119">
<attrib name="value" value="1"/></item>
<item name="M12" rev="119">
<attrib name="value" value="1"/></item>
<item name="M13" rev="119">
<attrib name="value" value="1"/></item>
<item name="M14" rev="119">
<attrib name="value" value="1"/></item>
<item name="M15" rev="119">
<attrib name="value" value="1"/></item>
<item name="M16" rev="119">
<attrib name="value" value="1"/></item>
<item name="M17" rev="119">
<attrib name="value" value="1"/></item>
<item name="M18" rev="119">
<attrib name="value" value="1"/></item>
<item name="M19" rev="119">
<attrib name="value" value="1"/></item>
<item name="M2" rev="119">
<attrib name="value" value="1"/></item>
<item name="M3" rev="119">
<attrib name="value" value="1"/></item>
<item name="M4" rev="119">
<attrib name="value" value="1"/></item>
<item name="M5" rev="119">
<attrib name="value" value="1"/></item>
<item name="M6" rev="119">
<attrib name="value" value="1"/></item>
<item name="M7" rev="119">
<attrib name="value" value="1"/></item>
<item name="M8" rev="119">
<attrib name="value" value="1"/></item>
<item name="M9" rev="119">
<attrib name="value" value="1"/></item>
<item name="OPMODE0" rev="119">
<attrib name="value" value="2"/></item>
<item name="OPMODE1" rev="119">
<attrib name="value" value="2"/></item>
<item name="OPMODE2" rev="119">
<attrib name="value" value="2"/></item>
<item name="OPMODE3" rev="119">
<attrib name="value" value="2"/></item>
<item name="OPMODE4" rev="119">
<attrib name="value" value="2"/></item>
<item name="OPMODE5" rev="119">
<attrib name="value" value="2"/></item>
<item name="OPMODE6" rev="119">
<attrib name="value" value="2"/></item>
<item name="OPMODE7" rev="119">
<attrib name="value" value="2"/></item>
<item name="P0" rev="119">
<attrib name="value" value="1"/></item>
<item name="P1" rev="119">
<attrib name="value" value="1"/></item>
<item name="P10" rev="119">
<attrib name="value" value="1"/></item>
<item name="P11" rev="119">
<attrib name="value" value="1"/></item>
<item name="P12" rev="119">
<attrib name="value" value="1"/></item>
<item name="P13" rev="119">
<attrib name="value" value="1"/></item>
<item name="P14" rev="119">
<attrib name="value" value="1"/></item>
<item name="P15" rev="119">
<attrib name="value" value="1"/></item>
<item name="P16" rev="119">
<attrib name="value" value="1"/></item>
<item name="P17" rev="119">
<attrib name="value" value="1"/></item>
<item name="P18" rev="119">
<attrib name="value" value="1"/></item>
<item name="P19" rev="119">
<attrib name="value" value="1"/></item>
<item name="P2" rev="119">
<attrib name="value" value="1"/></item>
<item name="P20" rev="119">
<attrib name="value" value="1"/></item>
<item name="P3" rev="119">
<attrib name="value" value="1"/></item>
<item name="P4" rev="119">
<attrib name="value" value="1"/></item>
<item name="P5" rev="119">
<attrib name="value" value="1"/></item>
<item name="P6" rev="119">
<attrib name="value" value="1"/></item>
<item name="P7" rev="119">
<attrib name="value" value="1"/></item>
<item name="P8" rev="119">
<attrib name="value" value="1"/></item>
<item name="P9" rev="119">
<attrib name="value" value="1"/></item>
<item name="RSTA" rev="119">
<attrib name="value" value="2"/></item>
<item name="RSTB" rev="119">
<attrib name="value" value="2"/></item>
<item name="RSTC" rev="119">
<attrib name="value" value="2"/></item>
<item name="RSTCARRYIN" rev="119">
<attrib name="value" value="2"/></item>
<item name="RSTD" rev="119">
<attrib name="value" value="2"/></item>
<item name="RSTM" rev="119">
<attrib name="value" value="2"/></item>
<item name="RSTOPMODE" rev="119">
<attrib name="value" value="2"/></item>
<item name="RSTP" rev="119">
<attrib name="value" value="2"/></item>
</group>
<group name="SLICEL">
<item name="A" rev="119">
<attrib name="value" value="23"/></item>
<item name="A1" rev="119">
<attrib name="value" value="69"/></item>
<item name="A2" rev="119">
<attrib name="value" value="102"/></item>
<item name="A3" rev="119">
<attrib name="value" value="131"/></item>
<item name="A4" rev="119">
<attrib name="value" value="170"/></item>
<item name="A5" rev="119">
<attrib name="value" value="233"/></item>
<item name="A6" rev="119">
<attrib name="value" value="262"/></item>
<item name="AMUX" rev="119">
<attrib name="value" value="140"/></item>
<item name="AQ" rev="119">
<attrib name="value" value="88"/></item>
<item name="AX" rev="119">
<attrib name="value" value="117"/></item>
<item name="B" rev="119">
<attrib name="value" value="26"/></item>
<item name="B1" rev="119">
<attrib name="value" value="68"/></item>
<item name="B2" rev="119">
<attrib name="value" value="106"/></item>
<item name="B3" rev="119">
<attrib name="value" value="129"/></item>
<item name="B4" rev="119">
<attrib name="value" value="166"/></item>
<item name="B5" rev="119">
<attrib name="value" value="220"/></item>
<item name="B6" rev="119">
<attrib name="value" value="242"/></item>
<item name="BMUX" rev="119">
<attrib name="value" value="147"/></item>
<item name="BQ" rev="119">
<attrib name="value" value="102"/></item>
<item name="BX" rev="119">
<attrib name="value" value="105"/></item>
<item name="C" rev="119">
<attrib name="value" value="1"/></item>
<item name="C1" rev="119">
<attrib name="value" value="72"/></item>
<item name="C2" rev="119">
<attrib name="value" value="123"/></item>
<item name="C3" rev="119">
<attrib name="value" value="137"/></item>
<item name="C4" rev="119">
<attrib name="value" value="168"/></item>
<item name="C5" rev="119">
<attrib name="value" value="223"/></item>
<item name="C6" rev="119">
<attrib name="value" value="235"/></item>
<item name="CE" rev="119">
<attrib name="value" value="47"/></item>
<item name="CIN" rev="119">
<attrib name="value" value="168"/></item>
<item name="CLK" rev="119">
<attrib name="value" value="145"/></item>
<item name="CMUX" rev="119">
<attrib name="value" value="155"/></item>
<item name="COUT" rev="119">
<attrib name="value" value="168"/></item>
<item name="CQ" rev="119">
<attrib name="value" value="93"/></item>
<item name="CX" rev="119">
<attrib name="value" value="146"/></item>
<item name="D" rev="119">
<attrib name="value" value="2"/></item>
<item name="D1" rev="119">
<attrib name="value" value="79"/></item>
<item name="D2" rev="119">
<attrib name="value" value="118"/></item>
<item name="D3" rev="119">
<attrib name="value" value="139"/></item>
<item name="D4" rev="119">
<attrib name="value" value="165"/></item>
<item name="D5" rev="119">
<attrib name="value" value="216"/></item>
<item name="D6" rev="119">
<attrib name="value" value="231"/></item>
<item name="DMUX" rev="119">
<attrib name="value" value="123"/></item>
<item name="DQ" rev="119">
<attrib name="value" value="77"/></item>
<item name="DX" rev="119">
<attrib name="value" value="82"/></item>
<item name="SR" rev="119">
<attrib name="value" value="128"/></item>
</group>
<group name="SLICEM">
<item name="A1" rev="119">
<attrib name="value" value="5"/></item>
<item name="A2" rev="119">
<attrib name="value" value="5"/></item>
<item name="A3" rev="119">
<attrib name="value" value="5"/></item>
<item name="A4" rev="119">
<attrib name="value" value="5"/></item>
<item name="A5" rev="119">
<attrib name="value" value="5"/></item>
<item name="A6" rev="119">
<attrib name="value" value="5"/></item>
<item name="AI" rev="119">
<attrib name="value" value="5"/></item>
<item name="AMUX" rev="119">
<attrib name="value" value="3"/></item>
<item name="AQ" rev="119">
<attrib name="value" value="5"/></item>
<item name="AX" rev="119">
<attrib name="value" value="3"/></item>
<item name="B1" rev="119">
<attrib name="value" value="4"/></item>
<item name="B2" rev="119">
<attrib name="value" value="4"/></item>
<item name="B3" rev="119">
<attrib name="value" value="4"/></item>
<item name="B4" rev="119">
<attrib name="value" value="4"/></item>
<item name="B5" rev="119">
<attrib name="value" value="4"/></item>
<item name="B6" rev="119">
<attrib name="value" value="4"/></item>
<item name="BI" rev="119">
<attrib name="value" value="4"/></item>
<item name="BMUX" rev="119">
<attrib name="value" value="1"/></item>
<item name="BQ" rev="119">
<attrib name="value" value="4"/></item>
<item name="BX" rev="119">
<attrib name="value" value="1"/></item>
<item name="C1" rev="119">
<attrib name="value" value="4"/></item>
<item name="C2" rev="119">
<attrib name="value" value="4"/></item>
<item name="C3" rev="119">
<attrib name="value" value="4"/></item>
<item name="C4" rev="119">
<attrib name="value" value="4"/></item>
<item name="C5" rev="119">
<attrib name="value" value="4"/></item>
<item name="C6" rev="119">
<attrib name="value" value="4"/></item>
<item name="CE" rev="119">
<attrib name="value" value="5"/></item>
<item name="CI" rev="119">
<attrib name="value" value="4"/></item>
<item name="CLK" rev="119">
<attrib name="value" value="5"/></item>
<item name="CMUX" rev="119">
<attrib name="value" value="1"/></item>
<item name="CQ" rev="119">
<attrib name="value" value="4"/></item>
<item name="CX" rev="119">
<attrib name="value" value="1"/></item>
<item name="D1" rev="119">
<attrib name="value" value="4"/></item>
<item name="D2" rev="119">
<attrib name="value" value="4"/></item>
<item name="D3" rev="119">
<attrib name="value" value="4"/></item>
<item name="D4" rev="119">
<attrib name="value" value="4"/></item>
<item name="D5" rev="119">
<attrib name="value" value="4"/></item>
<item name="D6" rev="119">
<attrib name="value" value="4"/></item>
<item name="DI" rev="119">
<attrib name="value" value="4"/></item>
<item name="DMUX" rev="119">
<attrib name="value" value="1"/></item>
<item name="DQ" rev="119">
<attrib name="value" value="4"/></item>
<item name="DX" rev="119">
<attrib name="value" value="1"/></item>
</group>
<group name="IOB_OUTBUF">
<item name="IN" rev="119">
<attrib name="value" value="26"/></item>
<item name="OUT" rev="119">
<attrib name="value" value="26"/></item>
<item name="TRI" rev="119">
<attrib name="value" value="1"/></item>
</group>
<group name="SLICEX">
<item name="A" rev="119">
<attrib name="value" value="354"/></item>
<item name="A1" rev="119">
<attrib name="value" value="293"/></item>
<item name="A2" rev="119">
<attrib name="value" value="475"/></item>
<item name="A3" rev="119">
<attrib name="value" value="543"/></item>
<item name="A4" rev="119">
<attrib name="value" value="579"/></item>
<item name="A5" rev="119">
<attrib name="value" value="594"/></item>
<item name="A6" rev="119">
<attrib name="value" value="592"/></item>
<item name="AMUX" rev="119">
<attrib name="value" value="100"/></item>
<item name="AQ" rev="119">
<attrib name="value" value="410"/></item>
<item name="AX" rev="119">
<attrib name="value" value="160"/></item>
<item name="B" rev="119">
<attrib name="value" value="290"/></item>
<item name="B1" rev="119">
<attrib name="value" value="242"/></item>
<item name="B2" rev="119">
<attrib name="value" value="406"/></item>
<item name="B3" rev="119">
<attrib name="value" value="457"/></item>
<item name="B4" rev="119">
<attrib name="value" value="491"/></item>
<item name="B5" rev="119">
<attrib name="value" value="502"/></item>
<item name="B6" rev="119">
<attrib name="value" value="498"/></item>
<item name="BMUX" rev="119">
<attrib name="value" value="109"/></item>
<item name="BQ" rev="119">
<attrib name="value" value="373"/></item>
<item name="BX" rev="119">
<attrib name="value" value="152"/></item>
<item name="C" rev="119">
<attrib name="value" value="221"/></item>
<item name="C1" rev="119">
<attrib name="value" value="202"/></item>
<item name="C2" rev="119">
<attrib name="value" value="367"/></item>
<item name="C3" rev="119">
<attrib name="value" value="415"/></item>
<item name="C4" rev="119">
<attrib name="value" value="440"/></item>
<item name="C5" rev="119">
<attrib name="value" value="443"/></item>
<item name="C6" rev="119">
<attrib name="value" value="437"/></item>
<item name="CE" rev="119">
<attrib name="value" value="255"/></item>
<item name="CLK" rev="119">
<attrib name="value" value="534"/></item>
<item name="CMUX" rev="119">
<attrib name="value" value="135"/></item>
<item name="CQ" rev="119">
<attrib name="value" value="364"/></item>
<item name="CX" rev="119">
<attrib name="value" value="142"/></item>
<item name="D" rev="119">
<attrib name="value" value="257"/></item>
<item name="D1" rev="119">
<attrib name="value" value="217"/></item>
<item name="D2" rev="119">
<attrib name="value" value="343"/></item>
<item name="D3" rev="119">
<attrib name="value" value="402"/></item>
<item name="D4" rev="119">
<attrib name="value" value="419"/></item>
<item name="D5" rev="119">
<attrib name="value" value="427"/></item>
<item name="D6" rev="119">
<attrib name="value" value="422"/></item>
<item name="DMUX" rev="119">
<attrib name="value" value="116"/></item>
<item name="DQ" rev="119">
<attrib name="value" value="302"/></item>
<item name="DX" rev="119">
<attrib name="value" value="128"/></item>
<item name="SR" rev="119">
<attrib name="value" value="472"/></item>
</group>
<group name="BUFG_BUFG">
<item name="I0" rev="119">
<attrib name="value" value="6"/></item>
<item name="O" rev="119">
<attrib name="value" value="6"/></item>
</group>
<group name="ILOGIC2_IFF">
<item name="CE0" rev="119">
<attrib name="value" value="5"/></item>
<item name="CLK0" rev="119">
<attrib name="value" value="5"/></item>
<item name="CLK1" rev="119">
<attrib name="value" value="5"/></item>
<item name="D" rev="119">
<attrib name="value" value="5"/></item>
<item name="Q1" rev="119">
<attrib name="value" value="5"/></item>
<item name="Q2" rev="119">
<attrib name="value" value="5"/></item>
<item name="REV" rev="119">
<attrib name="value" value="5"/></item>
<item name="SR" rev="119">
<attrib name="value" value="5"/></item>
</group>
<group name="PAD">
<item name="PAD" rev="119">
<attrib name="value" value="46"/></item>
</group>
<group name="BUFIO2FB">
<item name="I" rev="119">
<attrib name="value" value="1"/></item>
<item name="O" rev="119">
<attrib name="value" value="1"/></item>
</group>
<group name="BUFIO2FB_BUFIO2FB">
<item name="I" rev="119">
<attrib name="value" value="1"/></item>
<item name="O" rev="119">
<attrib name="value" value="1"/></item>
</group>
<group name="IOB_INBUF">
<item name="OUT" rev="119">
<attrib name="value" value="20"/></item>
<item name="PAD" rev="119">
<attrib name="value" value="20"/></item>
</group>
<group name="OLOGIC2">
<item name="CLK0" rev="119">
<attrib name="value" value="6"/></item>
<item name="CLK1" rev="119">
<attrib name="value" value="6"/></item>
<item name="D1" rev="119">
<attrib name="value" value="6"/></item>
<item name="D2" rev="119">
<attrib name="value" value="6"/></item>
<item name="OCE" rev="119">
<attrib name="value" value="6"/></item>
<item name="OQ" rev="119">
<attrib name="value" value="6"/></item>
<item name="SR" rev="119">
<attrib name="value" value="6"/></item>
</group>
<group name="RAMB16BWER">
<item name="ADDRA0" rev="119">
<attrib name="value" value="22"/></item>
<item name="ADDRA1" rev="119">
<attrib name="value" value="22"/></item>
<item name="ADDRA10" rev="119">
<attrib name="value" value="22"/></item>
<item name="ADDRA11" rev="119">
<attrib name="value" value="22"/></item>
<item name="ADDRA12" rev="119">
<attrib name="value" value="22"/></item>
<item name="ADDRA13" rev="119">
<attrib name="value" value="22"/></item>
<item name="ADDRA2" rev="119">
<attrib name="value" value="22"/></item>
<item name="ADDRA3" rev="119">
<attrib name="value" value="22"/></item>
<item name="ADDRA4" rev="119">
<attrib name="value" value="22"/></item>
<item name="ADDRA5" rev="119">
<attrib name="value" value="22"/></item>
<item name="ADDRA6" rev="119">
<attrib name="value" value="22"/></item>
<item name="ADDRA7" rev="119">
<attrib name="value" value="22"/></item>
<item name="ADDRA8" rev="119">
<attrib name="value" value="22"/></item>
<item name="ADDRA9" rev="119">
<attrib name="value" value="22"/></item>
<item name="ADDRB0" rev="119">
<attrib name="value" value="22"/></item>
<item name="ADDRB1" rev="119">
<attrib name="value" value="22"/></item>
<item name="ADDRB10" rev="119">
<attrib name="value" value="22"/></item>
<item name="ADDRB11" rev="119">
<attrib name="value" value="22"/></item>
<item name="ADDRB12" rev="119">
<attrib name="value" value="22"/></item>
<item name="ADDRB13" rev="119">
<attrib name="value" value="22"/></item>
<item name="ADDRB2" rev="119">
<attrib name="value" value="22"/></item>
<item name="ADDRB3" rev="119">
<attrib name="value" value="22"/></item>
<item name="ADDRB4" rev="119">
<attrib name="value" value="22"/></item>
<item name="ADDRB5" rev="119">
<attrib name="value" value="22"/></item>
<item name="ADDRB6" rev="119">
<attrib name="value" value="22"/></item>
<item name="ADDRB7" rev="119">
<attrib name="value" value="22"/></item>
<item name="ADDRB8" rev="119">
<attrib name="value" value="22"/></item>
<item name="ADDRB9" rev="119">
<attrib name="value" value="22"/></item>
<item name="CLKA" rev="119">
<attrib name="value" value="22"/></item>
<item name="CLKB" rev="119">
<attrib name="value" value="22"/></item>
<item name="DIA0" rev="119">
<attrib name="value" value="22"/></item>
<item name="DIA1" rev="119">
<attrib name="value" value="22"/></item>
<item name="DIA10" rev="119">
<attrib name="value" value="22"/></item>
<item name="DIA11" rev="119">
<attrib name="value" value="22"/></item>
<item name="DIA12" rev="119">
<attrib name="value" value="22"/></item>
<item name="DIA13" rev="119">
<attrib name="value" value="22"/></item>
<item name="DIA14" rev="119">
<attrib name="value" value="22"/></item>
<item name="DIA15" rev="119">
<attrib name="value" value="22"/></item>
<item name="DIA16" rev="119">
<attrib name="value" value="22"/></item>
<item name="DIA17" rev="119">
<attrib name="value" value="22"/></item>
<item name="DIA18" rev="119">
<attrib name="value" value="22"/></item>
<item name="DIA19" rev="119">
<attrib name="value" value="22"/></item>
<item name="DIA2" rev="119">
<attrib name="value" value="22"/></item>
<item name="DIA20" rev="119">
<attrib name="value" value="22"/></item>
<item name="DIA21" rev="119">
<attrib name="value" value="22"/></item>
<item name="DIA22" rev="119">
<attrib name="value" value="22"/></item>
<item name="DIA23" rev="119">
<attrib name="value" value="22"/></item>
<item name="DIA24" rev="119">
<attrib name="value" value="22"/></item>
<item name="DIA25" rev="119">
<attrib name="value" value="22"/></item>
<item name="DIA26" rev="119">
<attrib name="value" value="22"/></item>
<item name="DIA27" rev="119">
<attrib name="value" value="22"/></item>
<item name="DIA28" rev="119">
<attrib name="value" value="22"/></item>
<item name="DIA29" rev="119">
<attrib name="value" value="22"/></item>
<item name="DIA3" rev="119">
<attrib name="value" value="22"/></item>
<item name="DIA30" rev="119">
<attrib name="value" value="22"/></item>
<item name="DIA31" rev="119">
<attrib name="value" value="22"/></item>
<item name="DIA4" rev="119">
<attrib name="value" value="22"/></item>
<item name="DIA5" rev="119">
<attrib name="value" value="22"/></item>
<item name="DIA6" rev="119">
<attrib name="value" value="22"/></item>
<item name="DIA7" rev="119">
<attrib name="value" value="22"/></item>
<item name="DIA8" rev="119">
<attrib name="value" value="22"/></item>
<item name="DIA9" rev="119">
<attrib name="value" value="22"/></item>
<item name="DIB0" rev="119">
<attrib name="value" value="22"/></item>
<item name="DIB1" rev="119">
<attrib name="value" value="22"/></item>
<item name="DIB10" rev="119">
<attrib name="value" value="22"/></item>
<item name="DIB11" rev="119">
<attrib name="value" value="22"/></item>
<item name="DIB12" rev="119">
<attrib name="value" value="22"/></item>
<item name="DIB13" rev="119">
<attrib name="value" value="22"/></item>
<item name="DIB14" rev="119">
<attrib name="value" value="22"/></item>
<item name="DIB15" rev="119">
<attrib name="value" value="22"/></item>
<item name="DIB16" rev="119">
<attrib name="value" value="22"/></item>
<item name="DIB17" rev="119">
<attrib name="value" value="22"/></item>
<item name="DIB18" rev="119">
<attrib name="value" value="22"/></item>
<item name="DIB19" rev="119">
<attrib name="value" value="22"/></item>
<item name="DIB2" rev="119">
<attrib name="value" value="22"/></item>
<item name="DIB20" rev="119">
<attrib name="value" value="22"/></item>
<item name="DIB21" rev="119">
<attrib name="value" value="22"/></item>
<item name="DIB22" rev="119">
<attrib name="value" value="22"/></item>
<item name="DIB23" rev="119">
<attrib name="value" value="22"/></item>
<item name="DIB24" rev="119">
<attrib name="value" value="22"/></item>
<item name="DIB25" rev="119">
<attrib name="value" value="22"/></item>
<item name="DIB26" rev="119">
<attrib name="value" value="22"/></item>
<item name="DIB27" rev="119">
<attrib name="value" value="22"/></item>
<item name="DIB28" rev="119">
<attrib name="value" value="22"/></item>
<item name="DIB29" rev="119">
<attrib name="value" value="22"/></item>
<item name="DIB3" rev="119">
<attrib name="value" value="22"/></item>
<item name="DIB30" rev="119">
<attrib name="value" value="22"/></item>
<item name="DIB31" rev="119">
<attrib name="value" value="22"/></item>
<item name="DIB4" rev="119">
<attrib name="value" value="22"/></item>
<item name="DIB5" rev="119">
<attrib name="value" value="22"/></item>
<item name="DIB6" rev="119">
<attrib name="value" value="22"/></item>
<item name="DIB7" rev="119">
<attrib name="value" value="22"/></item>
<item name="DIB8" rev="119">
<attrib name="value" value="22"/></item>
<item name="DIB9" rev="119">
<attrib name="value" value="22"/></item>
<item name="DIPA0" rev="119">
<attrib name="value" value="22"/></item>
<item name="DIPA1" rev="119">
<attrib name="value" value="22"/></item>
<item name="DIPA2" rev="119">
<attrib name="value" value="22"/></item>
<item name="DIPA3" rev="119">
<attrib name="value" value="22"/></item>
<item name="DIPB0" rev="119">
<attrib name="value" value="22"/></item>
<item name="DIPB1" rev="119">
<attrib name="value" value="22"/></item>
<item name="DIPB2" rev="119">
<attrib name="value" value="22"/></item>
<item name="DIPB3" rev="119">
<attrib name="value" value="22"/></item>
<item name="DOB0" rev="119">
<attrib name="value" value="22"/></item>
<item name="DOB1" rev="119">
<attrib name="value" value="15"/></item>
<item name="DOB2" rev="119">
<attrib name="value" value="15"/></item>
<item name="DOB3" rev="119">
<attrib name="value" value="15"/></item>
<item name="DOB4" rev="119">
<attrib name="value" value="15"/></item>
<item name="DOB5" rev="119">
<attrib name="value" value="15"/></item>
<item name="DOB6" rev="119">
<attrib name="value" value="15"/></item>
<item name="DOB7" rev="119">
<attrib name="value" value="15"/></item>
<item name="DOPB0" rev="119">
<attrib name="value" value="8"/></item>
<item name="ENA" rev="119">
<attrib name="value" value="22"/></item>
<item name="ENB" rev="119">
<attrib name="value" value="22"/></item>
<item name="REGCEA" rev="119">
<attrib name="value" value="22"/></item>
<item name="REGCEB" rev="119">
<attrib name="value" value="22"/></item>
<item name="RSTA" rev="119">
<attrib name="value" value="22"/></item>
<item name="RSTB" rev="119">
<attrib name="value" value="22"/></item>
<item name="WEA0" rev="119">
<attrib name="value" value="22"/></item>
<item name="WEA1" rev="119">
<attrib name="value" value="22"/></item>
<item name="WEA2" rev="119">
<attrib name="value" value="22"/></item>
<item name="WEA3" rev="119">
<attrib name="value" value="22"/></item>
<item name="WEB0" rev="119">
<attrib name="value" value="22"/></item>
<item name="WEB1" rev="119">
<attrib name="value" value="22"/></item>
<item name="WEB2" rev="119">
<attrib name="value" value="22"/></item>
<item name="WEB3" rev="119">
<attrib name="value" value="22"/></item>
</group>
<group name="CARRY4">
<item name="CIN" rev="119">
<attrib name="value" value="168"/></item>
<item name="CO0" rev="119">
<attrib name="value" value="2"/></item>
<item name="CO1" rev="119">
<attrib name="value" value="7"/></item>
<item name="CO2" rev="119">
<attrib name="value" value="1"/></item>
<item name="CO3" rev="119">
<attrib name="value" value="177"/></item>
<item name="CYINIT" rev="119">
<attrib name="value" value="76"/></item>
<item name="DI0" rev="119">
<attrib name="value" value="207"/></item>
<item name="DI1" rev="119">
<attrib name="value" value="191"/></item>
<item name="DI2" rev="119">
<attrib name="value" value="171"/></item>
<item name="DI3" rev="119">
<attrib name="value" value="159"/></item>
<item name="O0" rev="119">
<attrib name="value" value="204"/></item>
<item name="O1" rev="119">
<attrib name="value" value="191"/></item>
<item name="O2" rev="119">
<attrib name="value" value="177"/></item>
<item name="O3" rev="119">
<attrib name="value" value="165"/></item>
<item name="S0" rev="119">
<attrib name="value" value="244"/></item>
<item name="S1" rev="119">
<attrib name="value" value="229"/></item>
<item name="S2" rev="119">
<attrib name="value" value="206"/></item>
<item name="S3" rev="119">
<attrib name="value" value="191"/></item>
</group>
<group name="BUFIO2_BUFIO2">
<item name="DIVCLK" rev="119">
<attrib name="value" value="1"/></item>
<item name="I" rev="119">
<attrib name="value" value="1"/></item>
</group>
<group name="OLOGIC2_OUTFF">
<item name="CE" rev="119">
<attrib name="value" value="6"/></item>
<item name="CK0" rev="119">
<attrib name="value" value="6"/></item>
<item name="CK1" rev="119">
<attrib name="value" value="6"/></item>
<item name="D1" rev="119">
<attrib name="value" value="6"/></item>
<item name="D2" rev="119">
<attrib name="value" value="6"/></item>
<item name="Q" rev="119">
<attrib name="value" value="6"/></item>
<item name="SR" rev="119">
<attrib name="value" value="6"/></item>
</group>
<group name="LUT5">
<item name="A1" rev="119">
<attrib name="value" value="155"/></item>
<item name="A2" rev="119">
<attrib name="value" value="308"/></item>
<item name="A3" rev="119">
<attrib name="value" value="484"/></item>
<item name="A4" rev="119">
<attrib name="value" value="483"/></item>
<item name="A5" rev="119">
<attrib name="value" value="302"/></item>
<item name="O5" rev="119">
<attrib name="value" value="923"/></item>
</group>
<group name="LUT6">
<item name="A1" rev="119">
<attrib name="value" value="1124"/></item>
<item name="A2" rev="119">
<attrib name="value" value="1890"/></item>
<item name="A3" rev="119">
<attrib name="value" value="2169"/></item>
<item name="A4" rev="119">
<attrib name="value" value="2571"/></item>
<item name="A5" rev="119">
<attrib name="value" value="2827"/></item>
<item name="A6" rev="119">
<attrib name="value" value="2919"/></item>
<item name="O6" rev="119">
<attrib name="value" value="3041"/></item>
</group>
<group name="RAMB16BWER_RAMB16BWER">
<item name="ADDRA0" rev="119">
<attrib name="value" value="22"/></item>
<item name="ADDRA1" rev="119">
<attrib name="value" value="22"/></item>
<item name="ADDRA10" rev="119">
<attrib name="value" value="22"/></item>
<item name="ADDRA11" rev="119">
<attrib name="value" value="22"/></item>
<item name="ADDRA12" rev="119">
<attrib name="value" value="22"/></item>
<item name="ADDRA13" rev="119">
<attrib name="value" value="22"/></item>
<item name="ADDRA2" rev="119">
<attrib name="value" value="22"/></item>
<item name="ADDRA3" rev="119">
<attrib name="value" value="22"/></item>
<item name="ADDRA4" rev="119">
<attrib name="value" value="22"/></item>
<item name="ADDRA5" rev="119">
<attrib name="value" value="22"/></item>
<item name="ADDRA6" rev="119">
<attrib name="value" value="22"/></item>
<item name="ADDRA7" rev="119">
<attrib name="value" value="22"/></item>
<item name="ADDRA8" rev="119">
<attrib name="value" value="22"/></item>
<item name="ADDRA9" rev="119">
<attrib name="value" value="22"/></item>
<item name="ADDRB0" rev="119">
<attrib name="value" value="22"/></item>
<item name="ADDRB1" rev="119">
<attrib name="value" value="22"/></item>
<item name="ADDRB10" rev="119">
<attrib name="value" value="22"/></item>
<item name="ADDRB11" rev="119">
<attrib name="value" value="22"/></item>
<item name="ADDRB12" rev="119">
<attrib name="value" value="22"/></item>
<item name="ADDRB13" rev="119">
<attrib name="value" value="22"/></item>
<item name="ADDRB2" rev="119">
<attrib name="value" value="22"/></item>
<item name="ADDRB3" rev="119">
<attrib name="value" value="22"/></item>
<item name="ADDRB4" rev="119">
<attrib name="value" value="22"/></item>
<item name="ADDRB5" rev="119">
<attrib name="value" value="22"/></item>
<item name="ADDRB6" rev="119">
<attrib name="value" value="22"/></item>
<item name="ADDRB7" rev="119">
<attrib name="value" value="22"/></item>
<item name="ADDRB8" rev="119">
<attrib name="value" value="22"/></item>
<item name="ADDRB9" rev="119">
<attrib name="value" value="22"/></item>
<item name="CLKA" rev="119">
<attrib name="value" value="22"/></item>
<item name="CLKB" rev="119">
<attrib name="value" value="22"/></item>
<item name="DIA0" rev="119">
<attrib name="value" value="22"/></item>
<item name="DIA1" rev="119">
<attrib name="value" value="22"/></item>
<item name="DIA10" rev="119">
<attrib name="value" value="22"/></item>
<item name="DIA11" rev="119">
<attrib name="value" value="22"/></item>
<item name="DIA12" rev="119">
<attrib name="value" value="22"/></item>
<item name="DIA13" rev="119">
<attrib name="value" value="22"/></item>
<item name="DIA14" rev="119">
<attrib name="value" value="22"/></item>
<item name="DIA15" rev="119">
<attrib name="value" value="22"/></item>
<item name="DIA16" rev="119">
<attrib name="value" value="22"/></item>
<item name="DIA17" rev="119">
<attrib name="value" value="22"/></item>
<item name="DIA18" rev="119">
<attrib name="value" value="22"/></item>
<item name="DIA19" rev="119">
<attrib name="value" value="22"/></item>
<item name="DIA2" rev="119">
<attrib name="value" value="22"/></item>
<item name="DIA20" rev="119">
<attrib name="value" value="22"/></item>
<item name="DIA21" rev="119">
<attrib name="value" value="22"/></item>
<item name="DIA22" rev="119">
<attrib name="value" value="22"/></item>
<item name="DIA23" rev="119">
<attrib name="value" value="22"/></item>
<item name="DIA24" rev="119">
<attrib name="value" value="22"/></item>
<item name="DIA25" rev="119">
<attrib name="value" value="22"/></item>
<item name="DIA26" rev="119">
<attrib name="value" value="22"/></item>
<item name="DIA27" rev="119">
<attrib name="value" value="22"/></item>
<item name="DIA28" rev="119">
<attrib name="value" value="22"/></item>
<item name="DIA29" rev="119">
<attrib name="value" value="22"/></item>
<item name="DIA3" rev="119">
<attrib name="value" value="22"/></item>
<item name="DIA30" rev="119">
<attrib name="value" value="22"/></item>
<item name="DIA31" rev="119">
<attrib name="value" value="22"/></item>
<item name="DIA4" rev="119">
<attrib name="value" value="22"/></item>
<item name="DIA5" rev="119">
<attrib name="value" value="22"/></item>
<item name="DIA6" rev="119">
<attrib name="value" value="22"/></item>
<item name="DIA7" rev="119">
<attrib name="value" value="22"/></item>
<item name="DIA8" rev="119">
<attrib name="value" value="22"/></item>
<item name="DIA9" rev="119">
<attrib name="value" value="22"/></item>
<item name="DIB0" rev="119">
<attrib name="value" value="22"/></item>
<item name="DIB1" rev="119">
<attrib name="value" value="22"/></item>
<item name="DIB10" rev="119">
<attrib name="value" value="22"/></item>
<item name="DIB11" rev="119">
<attrib name="value" value="22"/></item>
<item name="DIB12" rev="119">
<attrib name="value" value="22"/></item>
<item name="DIB13" rev="119">
<attrib name="value" value="22"/></item>
<item name="DIB14" rev="119">
<attrib name="value" value="22"/></item>
<item name="DIB15" rev="119">
<attrib name="value" value="22"/></item>
<item name="DIB16" rev="119">
<attrib name="value" value="22"/></item>
<item name="DIB17" rev="119">
<attrib name="value" value="22"/></item>
<item name="DIB18" rev="119">
<attrib name="value" value="22"/></item>
<item name="DIB19" rev="119">
<attrib name="value" value="22"/></item>
<item name="DIB2" rev="119">
<attrib name="value" value="22"/></item>
<item name="DIB20" rev="119">
<attrib name="value" value="22"/></item>
<item name="DIB21" rev="119">
<attrib name="value" value="22"/></item>
<item name="DIB22" rev="119">
<attrib name="value" value="22"/></item>
<item name="DIB23" rev="119">
<attrib name="value" value="22"/></item>
<item name="DIB24" rev="119">
<attrib name="value" value="22"/></item>
<item name="DIB25" rev="119">
<attrib name="value" value="22"/></item>
<item name="DIB26" rev="119">
<attrib name="value" value="22"/></item>
<item name="DIB27" rev="119">
<attrib name="value" value="22"/></item>
<item name="DIB28" rev="119">
<attrib name="value" value="22"/></item>
<item name="DIB29" rev="119">
<attrib name="value" value="22"/></item>
<item name="DIB3" rev="119">
<attrib name="value" value="22"/></item>
<item name="DIB30" rev="119">
<attrib name="value" value="22"/></item>
<item name="DIB31" rev="119">
<attrib name="value" value="22"/></item>
<item name="DIB4" rev="119">
<attrib name="value" value="22"/></item>
<item name="DIB5" rev="119">
<attrib name="value" value="22"/></item>
<item name="DIB6" rev="119">
<attrib name="value" value="22"/></item>
<item name="DIB7" rev="119">
<attrib name="value" value="22"/></item>
<item name="DIB8" rev="119">
<attrib name="value" value="22"/></item>
<item name="DIB9" rev="119">
<attrib name="value" value="22"/></item>
<item name="DIPA0" rev="119">
<attrib name="value" value="22"/></item>
<item name="DIPA1" rev="119">
<attrib name="value" value="22"/></item>
<item name="DIPA2" rev="119">
<attrib name="value" value="22"/></item>
<item name="DIPA3" rev="119">
<attrib name="value" value="22"/></item>
<item name="DIPB0" rev="119">
<attrib name="value" value="22"/></item>
<item name="DIPB1" rev="119">
<attrib name="value" value="22"/></item>
<item name="DIPB2" rev="119">
<attrib name="value" value="22"/></item>
<item name="DIPB3" rev="119">
<attrib name="value" value="22"/></item>
<item name="DOB0" rev="119">
<attrib name="value" value="22"/></item>
<item name="DOB1" rev="119">
<attrib name="value" value="15"/></item>
<item name="DOB2" rev="119">
<attrib name="value" value="15"/></item>
<item name="DOB3" rev="119">
<attrib name="value" value="15"/></item>
<item name="DOB4" rev="119">
<attrib name="value" value="15"/></item>
<item name="DOB5" rev="119">
<attrib name="value" value="15"/></item>
<item name="DOB6" rev="119">
<attrib name="value" value="15"/></item>
<item name="DOB7" rev="119">
<attrib name="value" value="15"/></item>
<item name="DOPB0" rev="119">
<attrib name="value" value="8"/></item>
<item name="ENA" rev="119">
<attrib name="value" value="22"/></item>
<item name="ENB" rev="119">
<attrib name="value" value="22"/></item>
<item name="REGCEA" rev="119">
<attrib name="value" value="22"/></item>
<item name="REGCEB" rev="119">
<attrib name="value" value="22"/></item>
<item name="RSTA" rev="119">
<attrib name="value" value="22"/></item>
<item name="RSTB" rev="119">
<attrib name="value" value="22"/></item>
<item name="WEA0" rev="119">
<attrib name="value" value="22"/></item>
<item name="WEA1" rev="119">
<attrib name="value" value="22"/></item>
<item name="WEA2" rev="119">
<attrib name="value" value="22"/></item>
<item name="WEA3" rev="119">
<attrib name="value" value="22"/></item>
<item name="WEB0" rev="119">
<attrib name="value" value="22"/></item>
<item name="WEB1" rev="119">
<attrib name="value" value="22"/></item>
<item name="WEB2" rev="119">
<attrib name="value" value="22"/></item>
<item name="WEB3" rev="119">
<attrib name="value" value="22"/></item>
</group>
<group name="SELMUX2_1">
<item name="0" rev="119">
<attrib name="value" value="101"/></item>
<item name="1" rev="119">
<attrib name="value" value="96"/></item>
<item name="OUT" rev="119">
<attrib name="value" value="101"/></item>
<item name="S0" rev="119">
<attrib name="value" value="101"/></item>
</group>
<group name="INVERTER">
<item name="IN" rev="119">
<attrib name="value" value="1"/></item>
<item name="OUT" rev="119">
<attrib name="value" value="1"/></item>
</group>
<group name="IOB_IMUX">
<item name="I" rev="119">
<attrib name="value" value="19"/></item>
<item name="I_B" rev="119">
<attrib name="value" value="1"/></item>
<item name="OUT" rev="119">
<attrib name="value" value="20"/></item>
</group>
<group name="ILOGIC2">
<item name="CE0" rev="119">
<attrib name="value" value="5"/></item>
<item name="CLK0" rev="119">
<attrib name="value" value="5"/></item>
<item name="CLK1" rev="119">
<attrib name="value" value="5"/></item>
<item name="D" rev="119">
<attrib name="value" value="5"/></item>
<item name="Q3" rev="119">
<attrib name="value" value="5"/></item>
<item name="Q4" rev="119">
<attrib name="value" value="5"/></item>
<item name="REV" rev="119">
<attrib name="value" value="5"/></item>
<item name="SR" rev="119">
<attrib name="value" value="5"/></item>
</group>
<group name="IOB">
<item name="I" rev="119">
<attrib name="value" value="20"/></item>
<item name="O" rev="119">
<attrib name="value" value="26"/></item>
<item name="PAD" rev="119">
<attrib name="value" value="46"/></item>
<item name="T" rev="119">
<attrib name="value" value="1"/></item>
</group>
<group name="DCM_DCM">
<item name="CLK0" rev="119">
<attrib name="value" value="1"/></item>
<item name="CLKFB" rev="119">
<attrib name="value" value="1"/></item>
<item name="CLKIN" rev="119">
<attrib name="value" value="1"/></item>
<item name="LOCKED" rev="119">
<attrib name="value" value="1"/></item>
<item name="PSCLK" rev="119">
<attrib name="value" value="1"/></item>
<item name="PSEN" rev="119">
<attrib name="value" value="1"/></item>
<item name="PSINCDEC" rev="119">
<attrib name="value" value="1"/></item>
<item name="RST" rev="119">
<attrib name="value" value="1"/></item>
</group>
<group name="HARD0">
<item name="0" rev="119">
<attrib name="value" value="46"/></item>
</group>
<group name="HARD1">
<item name="1" rev="119">
<attrib name="value" value="28"/></item>
</group>
<group name="FF_SR">
<item name="CE" rev="119">
<attrib name="value" value="170"/></item>
<item name="CK" rev="119">
<attrib name="value" value="268"/></item>
<item name="D" rev="119">
<attrib name="value" value="268"/></item>
<item name="Q" rev="119">
<attrib name="value" value="268"/></item>
<item name="SR" rev="119">
<attrib name="value" value="230"/></item>
</group>
<group name="BUFG">
<item name="I0" rev="119">
<attrib name="value" value="6"/></item>
<item name="O" rev="119">
<attrib name="value" value="6"/></item>
</group>
<group name="DCM">
<item name="CLK0" rev="119">
<attrib name="value" value="1"/></item>
<item name="CLKFB" rev="119">
<attrib name="value" value="1"/></item>
<item name="CLKIN" rev="119">
<attrib name="value" value="1"/></item>
<item name="LOCKED" rev="119">
<attrib name="value" value="1"/></item>
<item name="PSCLK" rev="119">
<attrib name="value" value="1"/></item>
<item name="PSEN" rev="119">
<attrib name="value" value="1"/></item>
<item name="PSINCDEC" rev="119">
<attrib name="value" value="1"/></item>
<item name="RST" rev="119">
<attrib name="value" value="1"/></item>
</group>
</ReportPinData>
<CmdHistory>
</CmdHistory>
</DeviceUsageSummary>
